Date,Symbol,Open,High,Low,Close,Volume,Market_Cap,Sector,Profit_Margin
2023-01-01,AMZN,472.847312993445,395.11097216538633,123.86721700067092,312.9167503805818,428910,2.5635596518574526,Retail,13.505574861281426
2023-01-02,TSLA,326.05327343568354,134.19415607946272,340.8255895238122,141.30600355001937,969485,1.968346064326815,Finance,26.398129739782444
2023-01-03,GOOGL,378.6603295507569,133.85897474492972,482.56524552110636,169.00955077854482,255063,2.5880289005319255,Energy,15.866953707911756
2023-01-04,TSLA,468.9997524709183,109.90393247012942,170.09252166457242,327.1897189264322,887733,2.152977806279732,Tech,9.82099022355614
2023-01-05,TSLA,382.89545372535946,492.38306631128944,408.07507093391143,218.54304540531535,783970,1.6841388693151107,Tech,9.777640567278624
2023-01-06,MSFT,,,453.62002354294964,475.3262914605264,705751,2.619957487366945,Energy,24.21910451802901
2023-01-07,GOOGL,,,467.7621291639872,427.49609179362034,790038,1.4765793411061832,Tech,11.639689957683999
2023-01-08,GOOGL,,,474.25356374015166,493.4268826054652,386610,1.448765959599591,Tech,24.180834853980574
2023-01-09,GOOGL,,,300.9765572949814,203.8683355801656,573656,2.0090058481096715,Energy,10.147182769164985
2023-01-10,TSLA,,,481.03662365664394,487.8894531191908,126081,1.5216984919241778,Tech,13.042159217532735
2023-01-11,AMZN,,,394.13753181810335,272.49354791662313,124354,1.0181740699024326,Retail,16.637174310992485
2023-01-12,GOOGL,,,158.86021731359995,239.00751812550186,717585,2.296595054597603,Finance,28.579896242336268
2023-01-13,TSLA,,,283.37554205484815,120.1398107877413,904732,2.022187642944796,Energy,28.293285618845616
2023-01-14,MSFT,,,378.7408142719416,121.10610314384104,164384,1.8910356289863224,Finance,10.171796885557196
2023-01-15,AMZN,,,192.69942474853792,376.8045023786619,981459,2.9339370292366307,Tech,13.95547603107682
2023-01-16,MSFT,435.55923457837366,414.57092819980306,348.04299750181053,283.17159777361115,745972,2.1423983679258276,Tech,8.734984711344307
2023-01-17,AMZN,149.86507248130675,212.34380347162664,358.3071892234146,190.60865041444228,947324,2.7268631555787692,Retail,17.749626982837427
2023-01-18,TSLA,468.33675304694896,113.48270921751968,159.26639880438353,345.5881225300931,135525,1.2789004724103203,Energy,16.514563767366667
2023-01-19,AAPL,447.9585448248513,138.27952532795308,318.2086984188387,201.14324730004446,106464,2.138412926258855,Tech,27.519004061268312
2023-01-20,AMZN,307.53522285042885,496.98331411223734,399.79262983655,331.05270173776904,640850,2.7359592534618056,Energy,28.250134444776815
2023-01-21,MSFT,336.51017429797173,224.65513487835523,292.0637874916971,243.68349879307613,993824,2.166211514559796,Energy,14.589184775182302
2023-01-22,TSLA,259.6010815480521,416.53537487444413,99.78073112656243,429.4208906447276,679802,2.436028356254003,Energy,17.293448575474734
2023-01-23,AMZN,121.90465552881253,357.9887453859768,98.57019528632041,428.2784643067117,475572,1.7440871356244148,Energy,27.40590622865333
2023-01-24,AAPL,234.07889665836038,259.6855540594228,236.0265908681548,290.9401592489605,212564,1.1848990340741332,Energy,25.167695193626535
2023-01-25,AAPL,421.14137943920457,188.3033411891998,460.8466570305539,240.32764373400624,470191,1.9158005902541428,Finance,5.091407783616232
2023-01-26,GOOGL,101.85280920184114,154.1614993545596,185.32732794342547,245.02391862363783,567435,1.788958781677715,Retail,13.001489104589563
2023-01-27,GOOGL,233.39966867645768,354.08025205574097,345.57365710431645,422.28581026728716,656922,2.734120364757895,Energy,15.544356048403147
2023-01-28,MSFT,259.26747743637736,418.72668115830413,182.71996892386164,231.2717931190448,886492,1.4879906047049445,Finance,10.742907092080792
2023-01-29,AMZN,314.9582411751692,365.7812226841579,222.0596459155217,183.6237494827384,895701,2.933468455070216,Tech,9.989290397398468
2023-01-30,AMZN,467.9422465651042,319.7723639659091,429.9766253925862,133.87533675012273,294215,2.916276239608992,Energy,5.9446126648919915
2023-01-31,GOOGL,238.5383977463845,121.99024548981268,382.90026969662904,286.6772483537634,647353,1.4952632861428774,Tech,21.084243126744013
2023-02-01,AMZN,238.78128075849108,497.23795492572543,132.6827145387182,292.8528395679367,365039,1.696103910954641,Energy,11.562757262079142
2023-02-02,AMZN,395.00049924389936,428.4792476201027,264.33729828964124,436.3634841611629,443003,2.79111148174777,Finance,6.308679460782827
2023-02-03,AAPL,280.88717635592286,223.59292486389072,106.52205663987947,188.4954785784256,767712,2.933244441792215,Finance,10.77448276320159
2023-02-04,GOOGL,189.8419291759928,501.8879833903345,284.9516079081885,252.39650946735998,204127,1.886878205672088,Finance,25.047848820903162
2023-02-05,TSLA,280.9758064530773,348.7620438027104,356.6614346219219,423.3622955574764,196426,1.6419940912817956,Retail,26.287229541163665
2023-02-06,GOOGL,156.34280815191994,340.8811765739348,141.80853632126986,429.4494442995894,292376,2.0521880265030843,Tech,17.076656129832564
2023-02-07,TSLA,170.55479460248932,407.9696376689605,209.10955086912043,253.84443039150727,111962,2.3755384127314696,Retail,15.401766760217154
2023-02-08,AAPL,299.3471090957919,433.7667641765057,252.145467073352,283.6496093146724,133302,1.5469490307499596,Energy,29.446342337544543
2023-02-09,MSFT,267.57017980181917,370.87383596925855,458.21475473913966,221.31435633971319,447526,2.4729463492381454,Tech,10.014116489701747
2023-02-10,AMZN,465.93836042724,156.87877727831102,487.3357310920708,473.0219513677248,104011,1.103314714229282,Finance,10.383982071365212
2023-02-11,AAPL,244.95755964665324,241.99833992777184,112.73996310326827,147.45750629663212,119782,1.0985889855288329,Tech,12.296679425909993
2023-02-12,AMZN,332.2353401112174,480.87387433205015,395.59812978067987,473.499769200588,298763,1.7725754102910904,Finance,9.318932957027183
2023-02-13,MSFT,352.90571516781216,195.96932279676003,241.8310062289256,373.5465807341373,744942,1.7069463841214412,Retail,14.484139955104665
2023-02-14,MSFT,105.23778263533346,255.7276446541929,250.02098356064462,312.6288610746925,532941,1.6312664307343046,Retail,27.770855674743846
2023-02-15,AAPL,365.41494880668427,279.99113759239935,392.93466447207396,113.06362431379836,633484,1.98203952533782,Finance,20.383696015714357
2023-02-16,MSFT,171.21438674790056,282.9590208262531,457.7784406974364,290.23847672880333,143459,1.6414671646231425,Finance,15.298663715306592
2023-02-17,TSLA,484.42812698778204,353.2405309102828,470.6167948285066,263.0992420010929,711533,1.3845158369361839,Energy,28.36026986428037
2023-02-18,MSFT,159.46509110124518,486.9457142866066,322.9634214851367,164.487524790049,622829,1.6189390981772018,Retail,6.2116058118955575
2023-02-19,AMZN,265.8496494908095,202.4805482921645,236.0628579236986,362.5638414002628,703151,2.9498085456204697,Retail,10.256904447546535
2023-02-20,AMZN,134.13986723145754,154.20805740187183,406.0818889142178,488.4603629473143,874751,1.8222268339896972,Energy,19.147215127543973
2023-02-21,AMZN,498.7497007383789,184.9755483932746,194.1455463886086,324.87552442581006,463154,1.8894255537166715,Retail,20.38881557982948
2023-02-22,AMZN,300.87800413249704,464.2045845847542,317.8092413892395,385.90131057757833,132769,2.15308997990228,Finance,5.988937664065329
2023-02-23,TSLA,338.1540069280175,366.55337912535845,236.6384923023249,127.38018102640672,469673,2.966681536828453,Tech,15.075968947678305
2023-02-24,GOOGL,126.830590955371,220.79224964185985,354.3692741146111,267.0667983267979,880721,1.483202552871526,Tech,21.22884912077182
2023-02-25,AAPL,399.98418815967113,435.45851028229,189.9575705929352,146.54339406579834,124700,2.3625642210648676,Retail,22.45176366008504
2023-02-26,AMZN,183.9622372382343,453.8548485271916,170.6792135652562,345.11833421460415,871152,2.4319693870834485,Energy,20.953497562906733
2023-02-27,MSFT,459.2217157762855,447.8383071695626,457.70443923679767,475.39286328566186,835716,2.214648833586132,Finance,13.014080609023114
2023-02-28,AMZN,182.05585619280288,477.1652461240196,135.21245476506706,364.7110929886554,331237,1.1771566792732882,Tech,7.338003089947738
2023-03-01,MSFT,176.27508826546662,207.15761317021145,294.853373555298,130.7212193257686,891701,2.353744551655153,Finance,15.677811160483353
2023-03-02,MSFT,114.61986713923795,410.7919811422427,182.23684927038852,241.86648199403314,406024,1.128189422072351,Retail,8.218860934201388
2023-03-03,AMZN,288.8267780439997,291.5184963960267,110.37733551363864,320.2653517763406,214003,2.192285299099794,Retail,28.690591463016677
2023-03-04,TSLA,325.9364533050466,446.0094139204749,109.22743322511343,261.2831024533009,239392,2.4791623544434853,Tech,16.879271650565705
2023-03-05,MSFT,126.28345577134095,400.03872425045336,164.21259998180182,433.45760419006893,149589,1.4219397812399008,Retail,12.931479358921688
2023-03-06,MSFT,410.2110466780042,419.46121583238846,437.3742900298701,425.86840188399566,350606,2.683244015085548,Energy,24.157601777972502
2023-03-07,AMZN,281.315533899211,370.745544260834,206.57910387092554,344.7324080412886,831636,1.0607076110660085,Retail,17.448714814556595
2023-03-08,MSFT,309.756107731032,176.8586516352313,470.4313723772418,249.3831780530821,660185,2.687625727316612,Retail,12.750850600311251
2023-03-09,MSFT,276.3050987752913,325.73590215326,324.74080573073144,202.13454950529766,289637,1.9206581012855302,Retail,25.299193559770043
2023-03-10,AMZN,260.3052243501304,503.7912445074258,267.4626049586626,142.34972728525173,786290,1.435175879863289,Finance,26.67880377502805
2023-03-11,AMZN,323.85613252328716,484.6421669313332,324.13508969443455,241.9590733946216,812593,1.267556289987936,Finance,21.825204157216923
2023-03-12,AAPL,162.09609837228498,122.48536299778972,299.0958621643758,265.2690068830878,313893,2.906614335164745,Tech,6.174110560191682
2023-03-13,TSLA,172.77125219810844,171.75000037042201,394.7166202341434,370.3291700416294,900812,1.1453311751623134,Tech,19.1580720041633
2023-03-14,TSLA,444.7142484054069,158.35015324909756,206.58594605927664,363.26392971902936,832256,1.3981868398718513,Tech,24.082372799932042
2023-03-15,MSFT,478.4461848534531,399.02186354404466,234.45490468211943,128.04325585650278,170934,1.695644694866092,Retail,8.412575302089554
2023-03-16,TSLA,249.32372651190119,436.20305859206275,448.16724950063406,258.1037261724631,680118,2.240469697922241,Finance,10.716768784615084
2023-03-17,MSFT,208.2978692574215,191.47210335582213,468.8503226944102,172.71154688694477,367673,2.0896021705521965,Energy,27.062377626703412
2023-03-18,AAPL,357.59981729560633,309.8703406454907,447.5604998571574,162.72508212672227,876652,1.251286984824628,Retail,5.503043046326851
2023-03-19,AMZN,263.49366843923855,445.484726344536,260.6819576131389,430.92085989489834,456742,1.5794559674764292,Retail,23.8181784456494
2023-03-20,AMZN,110.15454226413794,401.7846256303315,403.2443736877183,116.76608668650302,857582,1.4775035421720482,Retail,16.844332312860573
2023-03-21,AMZN,162.46103894647615,324.60606822419857,283.15261465393405,267.6731503608485,182987,1.4270857089806828,Energy,16.16930397099017
2023-03-22,TSLA,386.388891538959,344.090814635803,291.52824159771035,167.2814623066073,673466,1.822288672959974,Tech,5.177413312372179
2023-03-23,AAPL,363.56957676406057,310.8860215010934,175.84864307762717,451.7320862713896,238009,2.408062905183314,Energy,25.48495577416232
2023-03-24,TSLA,110.83839700139339,225.50712278412232,328.496469787114,322.8162053100141,484096,1.4349058644344719,Tech,13.995622515914162
2023-03-25,TSLA,188.7888647731798,333.8339071079015,168.52367961257244,192.5522545507392,664174,1.7333577594059628,Energy,18.519140782513574
2023-03-26,AAPL,192.42991863522855,383.9985473302867,225.96805613154154,300.9709148665506,673987,1.7818348536823245,Finance,21.932517158391487
2023-03-27,AAPL,368.75709743949136,458.6957809236271,432.7369296398744,392.59454388124635,700684,2.9529130588708203,Retail,22.565739410947895
2023-03-28,AAPL,107.88421510174567,362.69799836159547,176.7949446382878,483.2472035677735,714966,2.909332713758138,Retail,28.899501470651806
2023-03-29,AAPL,141.64343279382953,413.25422250247897,123.10752264350596,188.1784016981676,649567,2.6002751655041516,Retail,18.283498830915228
2023-03-30,AMZN,419.96643414927576,169.82901215660206,122.25799908206244,454.47270885173805,531322,1.4833178416383703,Tech,14.99298877436069
2023-03-31,GOOGL,171.41786482173345,291.9307771400149,466.6098855987276,473.7216456669961,210776,1.1360746281833394,Energy,28.842590662292697
2023-04-01,GOOGL,361.0984431407499,108.77930602997279,295.23357299492466,466.5682178128265,725732,1.6338082754412495,Finance,21.052755875638027
2023-04-02,AAPL,195.2731124186906,204.90494013125732,256.7177683677222,354.165742744764,468444,1.5335890988676617,Energy,12.45375890691389
2023-04-03,GOOGL,139.77655710373807,399.21699462076697,415.2970394981278,351.92826177388304,213793,2.011851600292788,Retail,8.16160613508928
2023-04-04,GOOGL,197.26887639978162,506.6830302964922,425.1512415246538,261.2842532735291,478422,2.5554558201355864,Finance,26.063862536629532
2023-04-05,AAPL,388.9067727422637,145.16713033282244,226.2154580806638,400.95915292151517,310809,2.716645877757716,Finance,14.05454006985379
2023-04-06,GOOGL,442.2785872425143,267.6051979238217,368.9791327021491,312.51760734037276,271616,2.689728170821017,Retail,21.51174303411078
2023-04-07,TSLA,432.0879458267966,429.0287423231596,399.5935122614952,370.9752284913178,465391,1.7193511224461355,Energy,16.770410484147455
2023-04-08,MSFT,258.87341184738193,187.63443202470404,353.58702131205206,271.38316153951814,342262,2.374468686921366,Retail,9.973244494875958
2023-04-09,MSFT,367.2340546282585,329.8094044674259,154.88005454603925,392.59858561725565,633285,1.62566839504844,Energy,20.042165215511627
2023-04-10,AAPL,181.9937181663284,401.8938748920183,440.97381798923755,429.7886070418196,206102,1.1218110864703654,Finance,6.517076723767058
2023-04-11,AMZN,217.2590921044053,354.4741073553725,307.94234833072346,158.57450264112646,972143,2.4031305312058846,Finance,15.333561496779806
2023-04-12,AAPL,458.5343274084479,181.15001751924353,206.57660841615146,433.1718862296912,478189,1.0196551051395757,Retail,18.665373491591776
2023-04-13,AMZN,105.20076940429442,248.93075031772446,262.96513324788907,316.1186127161229,665148,1.8183651749169771,Finance,15.901174352964476
2023-04-14,MSFT,134.2034123417872,422.4356727165859,109.84058070756842,437.8663636360897,365369,1.6587585386041515,Tech,23.71680438127477
2023-04-15,AAPL,183.1545020584109,329.46173822346674,145.50738648285494,272.52068253640584,734402,2.386755077037705,Finance,25.698123863632812
2023-04-16,TSLA,110.61288154952788,107.11799348487966,397.39096645376503,251.61619415321402,737506,2.532490945520758,Tech,24.28107685082945
2023-04-17,GOOGL,172.57417403591893,413.201257811378,95.00459572836962,466.02429300688897,622070,1.6081892719425677,Finance,5.970323695295053
2023-04-18,AMZN,333.2166243878769,119.30109875079683,259.5435022505054,200.46770701936052,987196,2.623254028889707,Retail,9.853219261149306
2023-04-19,GOOGL,268.5698202369992,407.022182006149,301.3915215288074,437.68493011445725,207041,1.5878335210098675,Retail,18.415187731594358
2023-04-20,GOOGL,457.0686844307899,187.00462686692117,116.58059590038405,293.6082290037616,474368,1.8926527199731225,Tech,28.37055101109503
2023-04-21,AAPL,426.9774246953764,493.01975944834896,479.3658743740715,305.6381770205039,425800,2.4540370540282677,Retail,25.873919376302922
2023-04-22,GOOGL,236.7269406791504,254.01600427734422,184.31950584362042,223.38731259579362,545096,2.385840458449577,Finance,26.06336270879504
2023-04-23,TSLA,203.769373372517,237.40730461692203,215.15849425633093,329.21688024760624,816438,2.9747369446244,Finance,12.580204843991872
2023-04-24,GOOGL,251.87696326690676,165.2996603846401,215.05729234073578,230.08447851048453,581862,1.4503220484318637,Retail,15.736197426967564
2023-04-25,AAPL,336.1179770059231,228.76970727353702,186.0145815363532,115.70776569666093,176290,2.324635827079165,Finance,16.767648682898436
2023-04-26,TSLA,207.22545632915052,460.0435585404212,95.582159724093,208.7994421377424,156633,2.219363816551555,Energy,8.934289583747761
2023-04-27,MSFT,349.65956313965364,508.51540673903514,383.0911936647586,102.55161736263628,913087,2.83019690898006,Energy,5.776703256111408
2023-04-28,GOOGL,263.7646608764962,254.16535985527358,476.9039724207177,491.34191482274264,221118,1.31272428328975,Finance,28.672572486512923
2023-04-29,AAPL,320.8188723407921,286.68730553658975,183.5959258975928,486.298883927899,798961,2.5035963271738657,Retail,11.017814641587668
2023-04-30,MSFT,274.45061165412665,397.4387299721085,356.90364076235187,258.062118988922,103114,2.1365372325375365,Tech,10.998722593090783
2023-05-01,MSFT,217.7863038167671,463.9092910883552,388.04904914869246,391.3483417358584,912934,1.5493317395758108,Retail,7.084476344218988
2023-05-02,AMZN,479.3813227848627,345.18295534564754,430.12802474075727,238.32243936416998,149768,1.9488698282943482,Tech,28.212693798594465
2023-05-03,TSLA,405.4423176639043,263.5679077620209,261.9385328203756,368.4372628343904,410272,1.6675531941395956,Retail,19.493427873494298
2023-05-04,GOOGL,156.04527030658102,272.11184554369265,214.65770772796955,422.17201721839166,513244,2.1586268055769215,Finance,21.675921428133847
2023-05-05,AAPL,447.3871903591651,386.72534933120676,223.49157793909728,478.7024978768963,183123,2.7780012216293315,Energy,27.789422181576313
2023-05-06,AMZN,294.97247929980546,106.30339675973286,376.48542657391255,260.08491033986877,732543,2.138609968824404,Retail,13.640504222519738
2023-05-07,TSLA,457.82089075763656,355.9336816712355,417.6278892697262,413.3191931824191,266405,2.263444836653168,Tech,20.5376827784521
2023-05-08,AMZN,419.9421023789261,248.97466922874975,166.73751726385805,206.37138025284753,103174,2.0374956942294187,Energy,5.9699863682221865
2023-05-09,TSLA,270.0854017876934,426.64991916721914,241.52169822231727,496.13292151745935,217769,1.1023310128909518,Tech,9.669313205778234
2023-05-10,TSLA,108.98772332804695,142.6612091283685,451.26637771591425,110.30783950574046,397542,1.4657171137521885,Finance,25.781145127248564
2023-05-11,GOOGL,207.47094375397842,343.2219181140981,413.643940279422,341.4115226004484,529145,1.9840034588641655,Energy,24.169208908458394
2023-05-12,TSLA,316.65368586434676,299.79402040388015,484.0190690911779,363.80239266053087,235393,1.6204705674894095,Tech,13.766067286428672
2023-05-13,AMZN,353.39128793045893,365.1418379916171,392.9280625744219,375.21822282965155,485693,1.3635271955223884,Retail,14.420265694355312
2023-05-14,TSLA,203.15507417328092,131.26570576560218,250.3121044060293,148.1550315156356,851331,2.0082656838368766,Finance,18.338860838839487
2023-05-15,GOOGL,155.74242962912965,339.89343390839315,328.30194442788195,475.41191338925216,866868,1.6456195868957006,Finance,5.006025117128364
2023-05-16,GOOGL,433.9720947197196,332.40125812360714,356.1006304276915,172.47331162003312,286493,1.5162152863468294,Finance,11.031108400950696
2023-05-17,AMZN,493.76087228142086,332.06733823854927,125.99004744526397,349.10136129593644,696923,1.9279708348807616,Retail,10.205795215205361
2023-05-18,MSFT,310.27607292107433,349.4125049715642,310.0762988460267,189.07043164923397,910192,1.2665685161643463,Retail,11.262073668744087
2023-05-19,MSFT,168.6717143393214,378.9695145766767,375.1817272466808,222.88656680850835,765673,2.8554914661508146,Energy,25.147646063336033
2023-05-20,TSLA,208.9229306077476,431.0205448707118,161.09191508041886,318.58341669124974,867166,2.735404195838478,Retail,11.99184641366108
2023-05-21,AAPL,107.3562706189867,214.2773916519268,403.34952838309505,266.8773674258306,317070,2.4152411714810706,Energy,9.788033051253704
2023-05-22,TSLA,465.7195226241996,439.14501112292515,325.5902483030741,164.0902403906025,499017,1.2124276551769124,Finance,17.60658651982579
2023-05-23,AMZN,147.10043315605645,306.7935513166987,471.12760535054986,168.37456096833932,900562,2.551754508939386,Energy,26.641125909318298
2023-05-24,AMZN,330.6065902057014,136.20860304940413,111.75680779172222,267.2579152651199,509291,2.615914656218038,Tech,11.033742595937497
2023-05-25,AMZN,209.6220882748824,128.71312634381158,199.80382433440946,402.9131913102003,595671,2.535529235428675,Finance,6.963406069819968
2023-05-26,AMZN,321.67120100631735,240.36651907190463,332.61378232343054,459.1858587391154,469359,1.2279317742384823,Finance,13.910118396241618
2023-05-27,AMZN,360.5681553407457,422.88327573014436,212.1411653213426,133.65106490375314,250056,2.287815914135529,Energy,23.691295614124446
2023-05-28,GOOGL,431.89672148288065,391.61077857007086,377.19754480814066,257.2415630237604,974527,2.668649591498797,Finance,18.767263617369863
2023-05-29,MSFT,182.56850870424128,424.3890606923246,394.8070865961627,140.09822548915065,947374,2.1547068024393354,Retail,25.419834239358686
2023-05-30,AMZN,104.3983314633922,314.49396785885176,135.4938058062574,106.63699225303915,243933,2.292814750456178,Tech,28.98980369023085
2023-05-31,AAPL,154.7542520275229,283.2805941719737,297.97251336167324,364.6874730575826,198970,1.9167269588526124,Energy,24.816561918790427
2023-06-01,AAPL,460.00745673924206,164.71827331604499,296.0117694584671,340.9797767866351,182203,2.0574146397681052,Energy,20.095076971093835
2023-06-02,AAPL,449.5560310250061,237.91806521177116,240.86590423513871,165.2076455259545,292319,1.0687537167034504,Finance,17.333539701309512
2023-06-03,AAPL,338.9652408681233,280.7778433004195,463.5053207150205,193.52513323722565,300173,2.277926043946569,Retail,6.001727158706666
2023-06-04,GOOGL,340.20674417346135,140.88317402024498,421.86499634992236,109.48310145780735,601946,1.1628944257823184,Finance,29.60804947035103
2023-06-05,AAPL,366.01466981850217,194.34784084804056,370.39770585430654,433.9788822777615,776337,1.8700291886804468,Finance,14.587028064376064
2023-06-06,AMZN,170.14851144937984,347.28124409581426,377.15902111532404,489.8762384194206,543833,1.5853101953348157,Energy,8.80570534792167
2023-06-07,TSLA,465.7647783699839,402.9435612668719,277.37787680618203,154.18381471787632,317726,2.090855900423426,Finance,21.66772138491142
2023-06-08,AAPL,267.5082099568292,509.3307421141446,458.7928358331475,192.59008550611924,974609,1.2668326710464142,Tech,12.107207227386484
2023-06-09,GOOGL,253.255411299799,482.9108991941409,369.3651937650477,447.3638095787736,697190,2.3832868039466364,Finance,19.64445677327619
2023-06-10,GOOGL,307.56708211313503,365.23890581175255,382.9475193540475,470.58551918247394,192172,2.5900230738569405,Finance,19.66919769611478
2023-06-11,AAPL,118.78638671002201,275.60546158409915,435.36790699600135,267.85095312272415,770990,1.326708899486313,Energy,16.14324552257173
2023-06-12,TSLA,166.51334750243177,362.6518327068342,203.25827779016544,120.24898890762965,644344,1.2086261747037643,Finance,25.902965388626065
2023-06-13,AAPL,395.2134465705482,423.18890532249395,413.7930070273477,115.75673347712777,238454,1.2910309655747183,Retail,11.624176538886076
2023-06-14,GOOGL,133.1194671700506,152.92615732397186,172.12003816781436,329.57994642760417,155739,2.7542551237970034,Energy,16.215814790443353
2023-06-15,MSFT,341.26084378655526,271.0114803269968,231.4100711367307,257.15804355727164,968117,2.0563785235127123,Finance,18.442303214774288
2023-06-16,AMZN,198.13964387252838,445.119925682425,227.56612943658786,111.4609710310618,148639,1.9345219920150052,Tech,21.59061801918249
2023-06-17,GOOGL,255.71824561679063,260.4523455328828,481.5175600137105,333.3009569250227,553054,1.2134236382047086,Tech,24.599296262639736
2023-06-18,AAPL,215.47749470827995,336.60826984701055,433.3322033804311,104.52101463560899,539257,2.2991120135139234,Energy,14.870182071956402
2023-06-19,AMZN,242.26908658597966,343.04659114919025,371.9620953281526,414.94878325970916,887424,2.73599918379018,Energy,21.1511736024149
2023-06-20,AAPL,387.6183620736982,179.71288251912392,382.1874208380791,222.5731290813486,696682,2.656371738646906,Finance,8.765273826712978
2023-06-21,AAPL,218.84868624927,251.7053538691768,317.0187537890156,116.10320120369283,429801,2.2521094179616026,Retail,28.316202513561965
2023-06-22,MSFT,326.5618561187589,240.47707194048252,469.10081350786504,335.34088839326137,913592,1.1505574333033473,Finance,14.576470160525089
2023-06-23,AMZN,290.42016087963987,115.60966695548625,291.0222073885328,259.0737657732219,931588,1.224794054352026,Tech,23.23803554941096
2023-06-24,AMZN,365.46846614505927,114.79766437599888,245.30449539860834,489.5201653428598,282447,1.0986179742196494,Retail,5.508527047054441
2023-06-25,MSFT,474.7318957299032,441.8373026886882,159.39895808797843,317.6794650014809,448586,1.5149584329849386,Retail,10.129678572620175
2023-06-26,GOOGL,393.02883888410014,215.59367803898903,405.5512326431179,210.09567241480332,774932,1.2713229343207555,Retail,17.177063608089448
2023-06-27,AAPL,185.9761514363027,314.82190032672025,385.10535316985863,383.7755458535899,480069,1.5200960805048678,Finance,26.956311693308663
2023-06-28,TSLA,112.47325402451386,225.98385730345308,246.82024021703327,208.59680101708454,104136,1.7701161114379234,Tech,18.181378748766928
2023-06-29,AAPL,204.90561771993004,485.9750942717129,104.9513985138956,461.69731656302605,161868,2.8859655681422716,Energy,28.246762057346977
2023-06-30,AAPL,338.03117228010194,210.01518734063836,426.40394444861425,249.88878820295056,444407,2.220752119563384,Finance,17.094922414569908
2023-07-01,GOOGL,120.57032539370013,279.0110091592687,99.51010346435909,319.9474251104821,918599,2.669947571365925,Energy,17.261227418398747
2023-07-02,AAPL,298.54649888049454,458.4557514462637,372.96141295347513,120.22924152969154,210957,2.4207030014246644,Retail,7.993669712513297
2023-07-03,MSFT,338.7371395667557,445.9830945506825,478.25155834179253,270.44849518089234,639767,1.2250062610532635,Retail,25.066406103805495
2023-07-04,MSFT,233.69755632678434,180.37107422774233,267.8762246185404,432.945415864398,219392,2.4718408127478977,Finance,11.174135311676562
2023-07-05,AMZN,408.36488149832877,430.07054046726273,187.81449497340134,422.25952214533675,786736,1.5501977631182489,Tech,27.490312234307876
2023-07-06,TSLA,142.63930125350873,290.56568912884654,373.4240489671358,189.7274235414105,760183,2.278215693989413,Retail,27.7706055082599
2023-07-07,AAPL,130.0551126943235,300.6023931945689,417.7656160961561,190.43162840422508,880516,1.681923947285977,Energy,28.582752796853743
2023-07-08,AAPL,391.2755024814413,159.05938882845723,310.8399748507497,426.9221248852947,301528,2.995344526529318,Energy,18.00576222757725
2023-07-09,GOOGL,298.1965264824794,137.64361307163549,476.97893372617773,472.1593680677302,906017,1.5271029589935556,Finance,21.927344619591107
2023-07-10,MSFT,375.36095857109444,399.8154193243749,115.40914505489464,138.14436850920143,334847,1.5582609415485393,Energy,24.462897001541588
2023-07-11,TSLA,273.9309354414985,306.0667667038964,294.3942613302886,280.0234557704901,913051,2.8613445111247966,Tech,8.27536546626164
2023-07-12,AMZN,198.56081329564273,281.92453455914773,378.7893091924073,234.98171158569158,961501,1.0492888092726453,Retail,20.02392987493743
2023-07-13,MSFT,427.6409270696799,400.4508326042207,435.7429861039257,448.27538218297576,402039,2.393377975746394,Energy,5.857447532582792
2023-07-14,AMZN,419.7663515875917,415.0327240913995,165.80596670357707,133.4099658720075,365864,2.4506527814717565,Energy,17.439152084718145
2023-07-15,GOOGL,377.8785883417707,169.3578079060882,411.00137529665415,184.45037702321497,381411,2.6727571548207987,Retail,8.871067040505686
2023-07-16,GOOGL,208.8580548919851,352.1411855384447,313.3192949088254,400.9873350345977,246768,2.9488786212769504,Finance,9.573073149052117
2023-07-17,AAPL,336.0922667476348,159.81840332246264,251.63870438603547,120.51753959248623,785328,2.9512038383133046,Energy,14.126189167315038
2023-07-18,TSLA,244.38955877601072,409.3069098417635,147.02743628874197,297.0141522857157,415508,1.1305535151329278,Finance,15.810929167912576
2023-07-19,AMZN,136.63282933065366,371.0668382881915,436.7918247690204,276.842813871888,516561,2.643678645505805,Finance,20.57931061330468
2023-07-20,MSFT,466.9254301848971,492.42892153880047,157.12291723098755,233.76047159549947,151567,2.2926198673147624,Energy,6.860710460962892
2023-07-21,GOOGL,154.72745236758456,132.92799662435058,217.3662043875942,257.8289261275695,191229,2.2946842687461824,Tech,17.592294030936117
2023-07-22,AAPL,480.094941528321,128.107162066258,209.56798512516258,311.97623477209316,512601,1.2566998532293896,Finance,9.565628256327528
2023-07-23,AAPL,278.4023091831823,219.28576525074607,439.20854350538747,164.54694335535325,576874,2.3003743328913067,Energy,19.349379375793546
2023-07-24,AMZN,174.05317153544786,210.99080191304193,360.7176827125147,328.79835131343714,299316,2.9649651612024956,Finance,20.93511530652959
2023-07-25,GOOGL,316.7603789513432,205.02641362415994,409.6891518905921,422.17293171999455,820785,2.823637139078894,Retail,18.917731413821347
2023-07-26,TSLA,449.1783343505633,472.03310511101984,193.9348200230371,404.06437191606364,964950,1.878261321609701,Tech,23.45738776195769
2023-07-27,GOOGL,392.88995456382446,206.06621093904997,341.8252693447646,161.55996187750947,707132,1.0798959465721887,Tech,13.390231106022533
2023-07-28,AMZN,422.6244591445799,215.13963908209556,320.8396633417807,159.69978789658956,263991,1.7245869800004097,Retail,24.127664790828273
2023-07-29,AMZN,363.51334668428694,412.55629627927533,423.9679988313671,207.26974709796534,714985,2.65278062320111,Retail,15.819177042704842
2023-07-30,GOOGL,376.910625807141,287.14463619246874,452.9043888900979,244.4298905364149,681484,2.4029982029303323,Finance,17.10461245806492
2023-07-31,AMZN,439.6782606261277,419.5677755668484,99.80192473356779,263.382232563393,739888,1.9186873111879128,Retail,21.202553181526785
2023-08-01,GOOGL,199.86720354367438,131.47329381357602,361.2378680282231,371.8788867333381,724913,1.1102030703176622,Tech,5.458959599980599
2023-08-02,MSFT,295.7699854572562,302.46633343772066,115.47514065229296,122.67217286633417,572617,1.8537894556466052,Retail,21.349855535506208
2023-08-03,GOOGL,188.4837767278409,118.61350807422947,311.7991727055556,113.86908169042655,931187,1.938049879435767,Energy,20.464628726802886
2023-08-04,GOOGL,495.0672031986588,130.3745473994186,208.61492797225287,256.7642251775636,133324,2.857111065788272,Energy,12.746177918831998
2023-08-05,AMZN,477.6237358746453,472.10716860448645,216.17675681124578,378.8654768551922,965361,2.2821722071643187,Finance,7.144857122487237
2023-08-06,AMZN,115.77072454740235,161.39437530262603,234.41860886368084,177.37413718259302,494768,1.6233058333092978,Tech,7.2733862478260285
2023-08-07,AAPL,382.23006900627536,320.6303763214629,340.410517374596,356.6017925025007,151272,2.0506365289014425,Energy,28.080593674630716
2023-08-08,AAPL,470.09932696626635,271.49371905328616,226.94973643916384,203.9312551761198,529069,1.1321106156443201,Retail,22.231983030645928
2023-08-09,MSFT,172.23013805093342,245.67404713483128,384.4161249831608,454.43444352540655,349264,2.945136471299474,Energy,8.17756534426851
2023-08-10,AAPL,327.17809222105177,469.43250500334534,254.78831730167852,458.2759777066466,788284,1.720119803861452,Energy,13.91807923272266
2023-08-11,GOOGL,466.19531903521676,113.83847569407325,121.99951412243365,218.9148817125306,960894,1.9557347098262716,Finance,19.81207484753991
2023-08-12,AMZN,113.57839143431954,373.83482290111357,404.5851377812224,191.99750158529622,851747,1.7105679484738452,Retail,25.88929262726622
2023-08-13,AAPL,378.968106898736,495.1747458564879,207.87453821411887,264.5215888264925,779249,2.3650234602324005,Retail,6.091523217825213
2023-08-14,AAPL,218.9396029490203,331.868114302046,265.94291744170874,196.21263407205947,336538,2.324464316659186,Retail,10.915828286750221
2023-08-15,MSFT,469.7584781506122,484.41309712340217,365.7503338726511,368.95353731668143,678963,2.4306446210582715,Finance,27.243724757384502
2023-08-16,MSFT,488.4232980661471,126.16444111083962,226.32018207374125,430.42587381931423,615447,1.5362864592238417,Retail,5.229138754595412
2023-08-17,GOOGL,477.70659564537357,274.6112942250354,117.35133417795268,369.2368523644868,173591,1.631336962328132,Retail,10.034977569847186
2023-08-18,AMZN,289.6856866629855,210.36390533963072,242.69881357006136,429.7401788997398,563406,1.250502462192416,Energy,28.975604399324148
2023-08-19,MSFT,444.8170603957254,400.9824908171956,468.05719016424985,258.79686488298967,253706,2.311019943692225,Energy,20.33504616305428
2023-08-20,AAPL,437.81975941402817,502.4253216513849,348.48508693293047,162.52678828354433,394507,1.079594254671305,Retail,11.541784165937662
2023-08-21,AMZN,227.64018929730224,208.89467528992037,360.23426372354675,395.1803789590369,294824,2.195364671046918,Tech,6.67477735989619
2023-08-22,AMZN,431.56618966027094,369.9407135970002,344.75145068686777,244.18980205662155,439148,2.7393917697032677,Tech,5.704783511180554
2023-08-23,AAPL,114.80305388619705,185.22954126769474,173.60189488897754,368.508330091653,853818,2.781664296579267,Retail,11.118626990923183
2023-08-24,MSFT,338.5079513928212,333.958753101502,260.24187632040065,208.25757679270626,927150,1.8980755207399234,Tech,27.03714548972276
2023-08-25,AAPL,192.00353491508122,292.8926571087761,391.6212203535107,132.49185392266907,213627,1.9186073764261475,Finance,15.397841357437738
2023-08-26,AMZN,148.22675431091153,498.66215850077253,135.04229453349785,497.03271819510536,838276,1.1539383660160347,Energy,23.008334229149824
2023-08-27,TSLA,130.78128065168366,351.45354544206896,204.75184655543634,162.4806031722397,389014,2.3415300508860715,Finance,27.957125884498943
2023-08-28,TSLA,378.5155103512559,246.5500806951616,204.14604784401217,495.3683975853924,137394,2.6425188407456908,Energy,15.201011540070414
2023-08-29,GOOGL,235.94998550722644,151.20879287961301,265.6474763998299,490.9119730265789,938489,1.489310109209426,Tech,9.781934275934926
2023-08-30,AAPL,389.9067086115046,166.2549656376485,482.2456526721631,417.52724156321585,179795,1.8426017632667293,Tech,17.927948271422988
2023-08-31,AAPL,126.14253631957695,196.2533566302502,121.66350594010967,363.76918483279906,442553,2.677678673530541,Retail,27.70209217649636
2023-09-01,GOOGL,226.11613513224415,206.64149784282068,299.8868927803351,331.12282010043384,899448,2.7542409353245763,Tech,25.109360353442515
2023-09-02,GOOGL,315.7965169501349,449.4995034256608,165.8490493948231,446.4406181511339,142137,1.4863599605284519,Tech,6.645746084078844
2023-09-03,GOOGL,416.28926593558543,332.29522925442257,478.41723543684896,215.77580864779517,493369,2.1011412690827287,Retail,22.314320001939546
2023-09-04,AMZN,227.50100117282796,316.9733191066184,139.75488436734835,287.0724849939508,238925,1.3849863012716541,Retail,19.297438061473844
2023-09-05,AAPL,350.35655057480363,151.48139310703309,254.42239593282855,347.7559877466008,636667,1.203757528279113,Energy,27.686579408660638
2023-09-06,AMZN,454.3910992944748,453.35657580652116,386.46456900966945,264.47619034779643,221169,2.8222410027839153,Tech,8.06203542125743
2023-09-07,GOOGL,346.34527527292187,397.7397927994359,373.29899907084086,270.9945816361072,269439,2.641015008464218,Energy,18.350902830116414
2023-09-08,AAPL,193.1837899014535,132.40568656950063,261.9778115731033,232.11386700083375,249172,2.520069803606348,Energy,26.986567337797307
2023-09-09,AMZN,109.7603126226152,391.6732143780563,231.8770463413237,325.6927266738144,750370,1.0975326376262808,Finance,15.250594668543576
2023-09-10,AMZN,448.03954956037194,325.13297802377167,252.05688952838386,440.2298112060464,475233,2.687457585420515,Tech,17.049872943321677
2023-09-11,GOOGL,108.50776434015485,138.0987650274452,199.3891239476625,180.61135120252516,635337,1.8760881518107675,Tech,6.761516941673957
2023-09-12,AAPL,449.88066907367977,290.6117598191058,176.1065107891859,473.77321550137657,494002,1.6847902465917193,Finance,11.95359101122277
2023-09-13,GOOGL,311.5748536108848,301.301996287669,285.80068053576156,375.63506149929185,563120,2.092952722050753,Energy,13.112666229223683
2023-09-14,AAPL,475.6270794051585,172.13868876612668,201.0708336467049,429.3092850720121,786059,1.1827064854471117,Tech,28.62806121862217
2023-09-15,TSLA,419.5132943094662,488.0077495351143,208.5473576344138,322.47627705200466,934123,2.5132930987047977,Energy,12.066684013528976
2023-09-16,MSFT,499.17364421333497,449.2400254496681,354.41864507245003,411.80668056962537,268112,2.164870153776592,Finance,16.5217183817413
2023-09-17,MSFT,240.28472618068406,375.9540466182889,477.57224602145743,106.48015893578689,873815,1.373180193746335,Retail,21.782610589106994
2023-09-18,MSFT,406.87531557245075,292.2297022052459,333.4366942209532,427.3521699118141,324062,1.3764643995380912,Energy,9.054584310196935
2023-09-19,GOOGL,260.77236544369686,271.7650443417259,125.40688949066168,116.0555436341466,157986,1.3684973031453485,Tech,17.161059678546863
2023-09-20,TSLA,291.9502481215635,368.64425419613644,124.85552747235646,455.965350545145,531978,1.114004775103868,Retail,23.46347598689769
2023-09-21,AAPL,351.002185287348,325.8999071097967,470.8121722339986,496.78509889545734,778960,2.1755968987433696,Energy,26.67138032567665
2023-09-22,AMZN,449.4708456745355,130.22060788216368,212.4298621713968,217.6269848707111,456918,2.680696355177016,Energy,20.656481866560668
2023-09-23,AAPL,493.63338767971806,312.56357275198434,131.3664595025778,184.12742251431746,846137,1.0349964279747772,Retail,21.726337882923698
2023-09-24,AMZN,407.3093655458073,431.5934649793,331.62261192440076,406.1453455432163,841063,1.098009289942547,Retail,8.157086814614225
2023-09-25,AAPL,267.1067128669335,290.99215042676803,341.34126742465514,201.2105363681013,205315,2.1455405533738916,Retail,28.644412431158678
2023-09-26,TSLA,268.5428009108281,126.04241390947871,351.1594039468818,446.2249532688814,419348,2.6389913707721044,Tech,8.31435193711206
2023-09-27,AMZN,395.0329206355566,423.4426707505334,200.62380100372883,141.13703686299067,382229,1.6534777811372672,Tech,24.366823429544958
2023-09-28,GOOGL,195.51085830732092,186.55233176506962,100.96872026471763,150.3820785517433,802214,1.6992287976154443,Energy,11.620408044457971
2023-09-29,AAPL,144.18964525255785,209.7414381296557,476.1810709345164,491.6606220402462,568013,2.1926929949935516,Energy,28.33982859253129
2023-09-30,AAPL,241.84886305631062,171.70607314007984,194.1027530479855,369.53555930800184,839629,1.548425778248294,Finance,22.99898848423699
2023-10-01,AMZN,214.89559666163268,238.7371012729565,362.03038378075627,438.75488977158113,795139,1.0532167321553683,Tech,23.845342824459223
2023-10-02,GOOGL,218.52324818239603,411.4843598038972,374.1187986020903,229.7317509406072,811567,2.470457036203192,Energy,10.476479326497083
2023-10-03,GOOGL,193.44310041996397,315.3512730990946,335.9529297463969,370.59349980824175,325687,2.2512998258829064,Retail,16.075999415879018
2023-10-04,TSLA,116.83727585454476,187.97691603103857,218.59842071439104,337.69673092343885,396124,2.161511998111318,Retail,20.44532986473216
2023-10-05,GOOGL,107.14957389336553,460.5211816515765,202.08302023680596,341.2600480491788,942549,2.4833682579836465,Tech,24.249340455165022
2023-10-06,GOOGL,495.0889558944126,461.2306512553693,331.07897166756777,373.0129838150886,245213,2.350461675124075,Retail,7.5989843978097396
2023-10-07,GOOGL,271.1092534943449,457.58426214363277,437.10777527661816,330.14366925163944,764704,1.4117639763566423,Finance,29.05913291136321
2023-10-08,MSFT,253.73065886387266,201.7124656095234,468.9598229247413,271.6249477210664,115896,1.7049620938867023,Energy,27.2555167638639
2023-10-09,TSLA,371.85891307722795,287.7519343933002,136.83279273948426,210.36907775221874,189353,1.25222028335725,Energy,11.758714762389609
2023-10-10,AAPL,187.30155514602566,503.9208107370544,156.15730197609935,407.4325323652808,129813,1.259714026835762,Energy,25.5690060758083
2023-10-11,AMZN,479.98447358009014,417.6650529055461,468.17082221931645,190.5089720012745,839791,2.3523914927130782,Tech,17.958098075995586
2023-10-12,AAPL,414.5380057662208,116.00280559635172,385.93141519224304,376.94172246176566,165679,2.7172002139649964,Retail,16.545162039050467
2023-10-13,TSLA,135.7644009249038,131.40785946049928,443.7825608077604,193.33312905973065,766041,2.925465167722278,Finance,12.860852645285135
2023-10-14,AMZN,267.0323103139714,292.8922076089948,175.03989048346057,350.1320679817816,828263,2.256694235098889,Tech,19.524214665789813
2023-10-15,TSLA,451.6473230248659,473.23418337393184,327.09641908821374,398.83130685161154,889660,1.368202646721914,Energy,23.247227942589944
2023-10-16,GOOGL,477.8928089165641,323.17422817084923,371.9501397949021,187.48555556261567,497798,1.2113006908978614,Finance,15.273322624068957
2023-10-17,AMZN,286.96060449994786,306.61406575388753,363.6441947515542,123.97732034452332,309755,2.6257019430735156,Energy,20.730479825207304
2023-10-18,GOOGL,345.3645556842831,147.71684848243538,256.21991789234573,152.38949719766964,373541,2.1575129527199985,Energy,22.482823028882592
2023-10-19,AAPL,166.81357843683008,370.9959424133391,101.08098221806685,342.3987869084102,399155,2.2365700420274397,Tech,22.778045425382146
2023-10-20,AAPL,496.4674504547906,437.95178004309133,325.2557924376839,439.77856249029423,703471,2.5629241775094185,Energy,6.299152453279506
2023-10-21,AMZN,192.66868055337736,259.07010304056274,194.97510797594546,117.99872849416974,455398,2.406554455464903,Finance,26.493695142126672
2023-10-22,AMZN,477.0927096540503,419.12279962475765,272.8504272264417,393.6605036166585,537480,2.6689165057121933,Energy,16.4563328691262
2023-10-23,TSLA,359.8586595969474,495.6130448298287,473.24450095810784,236.52745838002085,666605,1.112427810919757,Retail,11.56040204240536
2023-10-24,TSLA,343.09471795154366,187.52541594671408,252.6189504687617,291.411347967809,278986,2.4950412734930096,Energy,11.04411268699204
2023-10-25,GOOGL,305.0754044066034,316.94850063387025,426.72163463244857,471.54381993822625,315705,2.701705514644191,Tech,17.07535282109876
2023-10-26,AMZN,192.26792468710346,221.29087302425307,169.47353927095418,232.7886018943382,988921,1.5722700849166287,Finance,27.17078848672398
2023-10-27,AAPL,170.6112128022033,426.10603970870494,360.62189671988637,286.1347735757944,800614,2.280894547986506,Tech,14.458689542066173
2023-10-28,TSLA,188.19448362807015,338.9253131818688,480.91774700338266,105.47296590427244,402240,1.6283241276739442,Retail,23.743143669588584
2023-10-29,TSLA,174.5753048577018,362.005879107873,135.24777484481004,132.63948800193535,415929,2.915942132964908,Energy,7.420468274680465
2023-10-30,AAPL,411.83378942670134,428.1552346444371,98.28637717974084,203.4366364539136,152344,1.0668471448710075,Tech,16.901417553776547
2023-10-31,TSLA,240.05010366669205,265.3680414282942,266.2652030898827,111.14089632842976,870348,2.15958568766591,Tech,29.79215350981839
2023-11-01,GOOGL,123.13707062535855,475.6114777048525,131.58706580529005,352.5501304193004,575859,1.3330070940990302,Tech,24.260945069808425
2023-11-02,AMZN,487.64105205632455,320.8766912346867,390.6118181221114,270.559342720649,823906,2.4244404103543173,Tech,10.263212211015325
2023-11-03,AAPL,453.5143539853703,168.97170324831595,456.2467222201808,319.25808109120885,558819,1.3517805668373242,Retail,17.536036842447768
2023-11-04,AMZN,471.10091327808516,386.839142858365,266.43828421995977,169.8588743585318,259484,1.4707665237967151,Retail,10.840619091214164
2023-11-05,TSLA,497.9631290585741,426.27084692749304,197.19109865139916,218.37281177464644,210489,1.9887416220915162,Energy,15.23902318156273
2023-11-06,TSLA,169.55809968779494,233.2884792123483,266.58931100761083,365.52978994109003,544874,2.829669899993756,Energy,24.50210059337412
2023-11-07,AAPL,258.4968075610635,452.15759908449496,380.7618880507504,486.12108945215994,593057,1.4234287442959417,Finance,24.280620382260093
2023-11-08,GOOGL,403.2953902816365,471.9880181801354,98.57639382424654,120.16670944088368,542765,1.288480042236207,Retail,10.702509447559628
2023-11-09,MSFT,378.4082472215169,217.14631738801262,327.8343258464554,456.15372834210643,882955,2.5179536637080613,Tech,28.055582953871504
2023-11-10,AAPL,161.55836253594202,503.3261964496649,337.25021553051477,330.7524805244834,111549,2.001239064667862,Tech,19.81420456912067
2023-11-11,MSFT,426.3332499962471,161.98816885974716,346.8868575238945,325.5678267022495,564432,2.823570224763543,Finance,14.498107274050364
2023-11-12,MSFT,189.77622873466427,186.81634570300844,190.5987215924465,300.11141408310414,125739,1.2932291143196846,Tech,17.548389519521514
2023-11-13,GOOGL,189.52704592904922,179.6110598914006,377.05082573436005,127.75763436167335,907641,2.291855786046079,Finance,20.12678133594359
2023-11-14,MSFT,314.7897691573654,467.06583255318753,131.09963710105168,135.95074069446426,731339,1.46575829230363,Energy,18.997263296144634
2023-11-15,MSFT,337.17597393668126,369.98848369160953,173.71178290438633,340.36480226363443,115116,1.3135208573032786,Retail,17.160125888404455
2023-11-16,GOOGL,332.03448313512445,166.60223470502052,441.60066842852035,236.38342857422333,644333,2.3668588303145413,Finance,17.623320102235002
2023-11-17,MSFT,136.59473495910194,283.33098443918135,386.79564453699373,466.90722663107226,135709,2.1873692398174667,Tech,9.410297760697155
2023-11-18,MSFT,450.98434505215215,354.19570015326985,100.42949383448138,262.6362149437889,930049,2.5096549167246627,Finance,25.318322607616984
2023-11-19,MSFT,206.24001703548242,138.80295442070025,193.10862284607109,157.31258348105644,782265,1.6189251528923647,Energy,18.544007998525384
2023-11-20,AAPL,151.80596851312168,462.3786292049722,179.6905607823,385.8875334008144,827963,1.8959433127643799,Tech,8.276996542617578
2023-11-21,AAPL,455.4992319475909,430.45943185382174,201.96849957460415,217.34136857640394,329167,1.810943352660837,Energy,24.153927539569448
2023-11-22,AAPL,482.26059929190137,309.60874329853846,192.78610926055512,310.18812294235727,405063,2.968178927933028,Energy,28.31109945943377
2023-11-23,GOOGL,444.8510469061803,496.686279179964,119.69788681842407,379.133114202068,969953,1.5844979134787758,Finance,28.68267248092405
2023-11-24,TSLA,423.80642988995123,274.19319660641537,276.281504055744,460.1056444808282,586121,1.5896344766935337,Energy,14.225443310279319
2023-11-25,MSFT,362.0967922556087,503.5646792097816,384.42972254053524,416.8764779206704,319222,1.7090964176572148,Tech,8.387921839018851
2023-11-26,MSFT,320.3429482436557,375.50759951546894,334.6590312633874,370.54442714908964,813806,2.1291881625806433,Energy,17.95999066582663
2023-11-27,GOOGL,134.79470396456406,362.0418656678463,360.78430909624154,371.85327295805746,807788,1.5046454885274905,Energy,7.815230733730517
2023-11-28,MSFT,263.38128522827947,172.21173259479292,127.05392552181446,478.3698576128346,892879,2.830579880758548,Finance,28.34968546281543
2023-11-29,AAPL,249.0754068049256,462.1807421133808,470.83883051983094,218.32963899861443,629787,1.531371129732527,Energy,9.58949068387865
2023-11-30,TSLA,203.9015135041305,278.1333236078491,426.2042743679948,100.44483767847497,663329,2.7916314631203893,Retail,11.319146498779102
2023-12-01,AMZN,389.368045475434,170.70452934190413,413.0106758057868,208.78182375927946,393459,1.2069501272931693,Finance,15.165913172124261
2023-12-02,MSFT,298.3502940315083,110.10604559018242,420.07860299149814,187.1565518506976,232371,2.3131254047993046,Finance,14.579111713978145
2023-12-03,AAPL,132.41848636305917,331.70105187354494,463.42065071244076,364.7338340455993,482650,2.813971036876487,Tech,24.866572309947227
2023-12-04,AMZN,188.07328077992452,318.59684695968394,309.9803166149106,353.4846399062116,760354,1.337498876796459,Tech,16.40792051377406
2023-12-05,TSLA,373.30350546383835,396.3382170595092,174.11139705771222,337.3845530818895,850774,2.93665392019851,Tech,9.269206500083422
2023-12-06,AMZN,130.4523437961201,465.55451147220987,338.62952510175376,106.49737728378147,312235,1.9057667208310234,Tech,11.680247387151852
2023-12-07,AAPL,440.48276561950746,137.15966678042696,388.4381899988359,391.511221780259,882119,2.891430216882049,Retail,17.72783462968805
2023-12-08,AMZN,298.05861080558975,401.25607858784673,386.47737037484,229.41216499419662,453791,2.3536400872600938,Finance,8.686347935653373
2023-12-09,GOOGL,292.2346309306592,180.9018373595208,300.9723645459176,366.02239560265247,394499,1.603173739747103,Energy,20.291391891150354
2023-12-10,AMZN,336.96311386380705,452.5617065286514,122.04119413676332,322.6313714008613,435949,1.3766050498342128,Tech,19.143682663778648
2023-12-11,MSFT,429.87238637005964,436.72072311397073,241.5896106799005,237.09237017116288,430511,1.6074700924501988,Tech,22.867557909556442
2023-12-12,MSFT,239.12368316087722,324.0214707691455,458.70281034302616,153.8305068416431,472050,1.18603481852535,Tech,28.442615384484192
2023-12-13,GOOGL,371.2064610236254,392.6483334424412,325.8573193541833,137.76755906419237,479553,1.2877359326866595,Energy,27.806364027528893
2023-12-14,AAPL,326.2927855983164,232.3117958394181,307.64111758600677,432.60733324488945,963787,1.2093208806929623,Tech,28.651890451720785
2023-12-15,MSFT,206.81130806776852,295.82299906778997,201.19713818096642,467.3590168326232,216220,1.8458870874831155,Energy,11.117889925592523
2023-12-16,TSLA,451.4519945420632,437.762943572741,240.53732336704866,359.91521870571984,321421,2.5911567525151726,Finance,8.289132665983866
2023-12-17,MSFT,418.97040864277125,291.00240485515167,448.66170521550185,141.37364594419336,449317,1.2827671084326804,Finance,12.556917512411212
2023-12-18,MSFT,363.3807338633702,249.90829745680392,358.2529037731001,260.8108867552963,888428,1.2606408663446718,Finance,27.377129319157866
2023-12-19,AAPL,440.23269163769675,305.1560411363714,406.0178755671715,391.5756800420629,875359,2.2868578990346613,Retail,29.301336865587206
2023-12-20,AMZN,446.9176803839209,440.44094723707343,274.4664421117238,411.9283536040272,930819,1.3943659639361325,Energy,26.4831237767619
2023-12-21,MSFT,383.3451906860139,240.75925918520346,343.94765168518234,147.28744891643544,103089,1.1952200762179832,Tech,7.75044302818859
2023-12-22,GOOGL,434.8053313454688,175.37344521997625,193.11152545356697,100.01228753815296,985259,1.3336971564111553,Tech,28.68569995149483
2023-12-23,AMZN,378.98858466771344,393.3656782339662,373.65702796197706,384.854818352242,382803,2.847462791753552,Tech,15.58395068376965
2023-12-24,TSLA,372.05630870412017,439.52117614677314,263.9025268128182,242.63847039448225,407322,2.642942505552382,Tech,5.232757269058842
2023-12-25,AAPL,347.44455128607376,145.758178802031,269.8054783518245,201.79253264730409,613269,1.7081291247101882,Retail,16.059843518704838
2023-12-26,TSLA,401.0866558230565,202.1490156661576,351.4823182078683,105.15898791581017,720253,2.3116415346547856,Tech,6.15172924188669
2023-12-27,AMZN,163.44204211722948,162.49865585320254,464.830845480226,316.1197627045999,705556,2.074551347336076,Retail,18.59694802902794
2023-12-28,AMZN,452.34830367957136,245.91627169077748,120.28250691040526,440.4602941703927,447186,2.3542485269651277,Energy,13.463850685926284
2023-12-29,AMZN,448.7374110980928,287.3921464566921,420.77357875206803,483.05265850903515,468615,2.3653423049255187,Finance,16.83587333985122
2023-12-30,TSLA,111.69891321382366,408.2746664701391,210.4913286128163,326.29798024531567,301798,2.257468030119986,Tech,20.329259018577925
2023-12-31,AMZN,430.3267002259051,368.714771877078,270.34818453001924,305.7845310959577,432255,1.5322027370746172,Finance,26.720027395445506
2024-01-01,TSLA,151.5479469893781,356.4760698287646,103.65576486612854,134.02255419569644,337103,1.0780128415256363,Energy,21.547539411798216
2024-01-02,AMZN,234.04754170365675,247.71185337691003,213.91320074455365,319.5491206170399,869042,1.9111335639802176,Energy,15.851221711954517
2024-01-03,GOOGL,397.4033025166431,445.7862589993278,293.5393408389016,251.99163158615784,789925,2.7819477693814076,Tech,25.485696341759127
2024-01-04,AMZN,164.3039584193233,295.87130279625666,117.18955055223842,342.85411235343076,986867,2.138994517037152,Energy,27.639553439328306
2024-01-05,TSLA,427.1868096476249,501.5374998961376,288.98281310635025,255.49053915061867,189242,2.664782083403816,Finance,7.993999160804931
2024-01-06,MSFT,432.85367118309676,361.8275660097734,461.2086983990788,196.1196493801467,475348,2.9832486859224563,Tech,18.298324438819787
2024-01-07,AMZN,302.9870935043345,156.13722033362362,136.63032115258306,137.9861100913506,253956,1.3272324082765525,Retail,12.112798993561103
2024-01-08,MSFT,102.55434868673343,378.8519126405508,396.9540875898242,225.9673778355583,903631,2.3835552782839646,Tech,6.176529946923685
2024-01-09,GOOGL,214.81525326996513,236.66712624983808,256.8200660835171,138.6579337151009,684326,2.3485871474000493,Finance,21.713667377849635
2024-01-10,AAPL,346.77076735029686,382.96251465786946,353.79361723711355,170.75878032959358,682074,2.9599108947165567,Tech,26.56926943648064
2024-01-11,GOOGL,492.4744712109694,133.20466500577433,197.79345620416558,494.93446343181836,996068,2.9712014679056007,Tech,9.07256636193485
2024-01-12,AMZN,352.72541080666736,175.82698205626355,157.99944370383653,277.64142276264744,860330,2.373357223448259,Finance,25.31034144059751
2024-01-13,MSFT,203.9214324256639,451.57358985684345,158.38273263713444,312.7487066020066,935726,1.4872295839643885,Tech,26.33489333842354
2024-01-14,MSFT,353.6022812398445,197.00772059452353,122.84431852904214,449.4474114948861,833375,2.597111676261198,Tech,27.85851106666209
2024-01-15,TSLA,315.9941518863422,444.00165572339074,168.330448435991,498.22756019627514,265250,1.2140582684220762,Finance,11.632127227151312
2024-01-16,MSFT,411.93815806045745,218.10681582403623,357.3666570706425,333.0857797378726,622820,2.561398608343257,Energy,27.598826629747233
2024-01-17,TSLA,142.79225553078336,365.3671735737766,443.2677916781857,424.9895284176687,362678,2.8203922482893926,Finance,13.016568868410806
2024-01-18,AAPL,404.4111610008112,386.13098227148157,416.57964580850893,230.7764097346701,978260,1.7656667895368705,Tech,18.808450336387573
2024-01-19,AMZN,316.5066314704441,312.62517502374646,365.6280524004212,222.29758297891644,922564,2.261270589966161,Retail,6.262686770807053
2024-01-20,TSLA,485.19680154359787,228.65082406217618,138.62058604738556,261.08148839782405,398254,1.8602854641936526,Retail,6.09702720921859
2024-01-21,AAPL,236.74886641547442,191.12097243029393,209.22904128690018,369.00290506945964,814114,1.875530109976257,Finance,23.00933031830507
2024-01-22,MSFT,353.04875725357925,118.44168859778262,217.37371575237523,372.8766757020395,950012,1.62074177821624,Retail,16.111999449444774
2024-01-23,MSFT,472.811242204007,228.09829250249314,193.7329938270604,226.0957738597803,515685,2.5242592409006495,Tech,11.40730938423044
2024-01-24,AAPL,141.0038911962717,369.5309301651696,298.42723558534067,153.28396965465146,426160,2.8723531283330104,Tech,9.760337400622756
2024-01-25,MSFT,474.89139489458046,485.0134514716355,306.5437568774706,352.9585025862034,146233,2.8815017184689222,Finance,21.74883727148045
2024-01-26,AAPL,375.1542889203253,457.8378153165361,235.96996019258853,151.3303448755058,297780,1.3495625697498677,Tech,5.0100386006334965
2024-01-27,TSLA,127.13482364206877,415.25623449679756,234.74671770089222,331.39700329173206,551448,2.749487299313132,Energy,25.147279229921356
2024-01-28,TSLA,220.3854267787265,424.321174017586,422.27946117290213,377.3688512225236,848810,2.4748628828542443,Tech,6.981240153248221
2024-01-29,AAPL,383.2688354581126,374.31888590777805,406.7706750862758,380.24459855778065,206311,1.5056748013805785,Finance,9.787240372702986
2024-01-30,TSLA,126.94024058750868,210.41617731423122,216.57935351389455,401.3888442638387,658697,1.134569225843029,Energy,14.65590988247724
2024-01-31,TSLA,332.8681840705093,472.4139874358611,455.9464353299374,449.1437686262658,870519,1.535994533768756,Energy,17.12146849290259
2024-02-01,TSLA,238.3532227811827,376.6465863218628,471.3619317159899,299.9835967859154,501954,2.8244164735630513,Retail,13.874877895348545
2024-02-02,GOOGL,348.3662071069908,331.97845554707817,224.06330410186612,392.0996758118285,596246,2.2663573497915444,Tech,13.017804124607347
2024-02-03,AMZN,118.29681352500515,149.95073503145983,234.99785477325668,347.6690941463347,910486,2.4421093217957437,Finance,29.09790030182971
2024-02-04,MSFT,448.61472246095053,286.0574952416023,294.72549060167376,174.65597591907303,129709,1.5143047022181917,Retail,21.039492031084855
2024-02-05,GOOGL,489.3955876709588,291.4450998367802,466.742720950801,110.27585794776327,733609,2.4387763111496406,Retail,5.585823884184705
2024-02-06,TSLA,487.5511421142766,455.14826185668136,441.1461760912131,213.8165542707735,100363,1.0562430125558475,Tech,15.75439771110783
2024-02-07,AAPL,399.8607326971699,326.3925291760543,135.51434522051798,277.2134825350478,896790,1.7506426915460276,Tech,26.875217493599255
2024-02-08,TSLA,152.0344960522528,259.06222233301594,250.12864359220941,346.8423777714625,594829,2.2535066970846627,Finance,12.5364046602667
2024-02-09,AMZN,403.305278371609,500.604133046817,313.58161995115984,439.9837322012821,496456,1.2921931310826404,Retail,7.363908619359706
2024-02-10,TSLA,109.8347665835206,149.84184029715786,293.7373266578583,178.49828668246624,565417,2.6460071488938697,Finance,23.959619289747945
2024-02-11,AAPL,108.8494206115989,276.13211346633756,171.5759118350726,150.21991595939085,145689,1.4700625976238373,Retail,20.150345798402032
2024-02-12,AMZN,229.4440876598165,122.01999344441914,434.2326246114211,485.391978989731,364080,2.3045622256368925,Retail,19.257812695662597
2024-02-13,TSLA,295.4572761618663,404.6611689106068,362.39160928375077,143.21782375056284,998704,1.8103942851506594,Retail,6.339413990185198
2024-02-14,AMZN,408.16296712311726,476.821003640656,425.9738080664624,291.39642804287564,715362,2.192087190955294,Tech,8.512475244887934
2024-02-15,MSFT,373.31815064260206,218.41511846794822,434.2118903430415,334.22549151732073,275037,1.2149011052578162,Retail,20.563734905327845
2024-02-16,MSFT,278.36108255069934,452.62837910364397,390.6005621979672,316.5497683629753,308606,1.0338255998432146,Retail,10.195596036470896
2024-02-17,TSLA,209.45066651266634,223.34838333706858,268.48818749363835,134.4128628131773,100882,2.8191288547606024,Retail,17.601751993710607
2024-02-18,AMZN,498.84980006308444,473.86191546578567,336.16596823109273,122.81076560144774,513440,1.5392600175343656,Energy,18.622042150734835
2024-02-19,AAPL,270.47252089438916,410.3545709566975,158.34433541729854,142.1933709844143,991659,2.639354005560918,Tech,12.087679756773486
2024-02-20,TSLA,280.5548097318702,430.98724462078263,361.0899399025885,334.235073549045,879110,2.9987006009444004,Energy,28.71062888853732
2024-02-21,MSFT,165.44952847666767,112.29265501818408,165.80503601701588,317.73795505372846,225865,1.4228625159978223,Tech,26.06160267088938
2024-02-22,MSFT,417.9238194999717,494.9381946149805,369.11008825151197,193.4963168146977,748033,1.5303414823667112,Finance,23.059337690819962
2024-02-23,TSLA,377.47289031259544,399.30175178848094,185.69127349781763,355.1096567382366,524041,2.325719575269331,Energy,6.949846660235227
2024-02-24,AMZN,188.30784511550416,228.42419363138401,141.43276355933688,428.02700082225977,563956,2.9308972692012425,Finance,7.653250482725486
2024-02-25,MSFT,132.95241824633706,440.904839267833,160.28737360646818,116.6315839386375,128885,2.831628696381488,Retail,17.319533646623892
2024-02-26,AMZN,372.1997208298852,219.0160853580466,95.78689341153276,299.2519774192169,795416,2.0057510401311696,Finance,9.017833729774642
2024-02-27,MSFT,361.8044857124541,458.4653050242818,378.90214905214447,375.7241648410761,496419,2.5902205650534493,Finance,29.45663658823685
2024-02-28,MSFT,209.30381079928372,150.59505811683448,384.29841437805976,200.92477082787485,815601,1.2714917061998021,Finance,8.963005850685235
2024-02-29,GOOGL,480.3454249001641,389.99282087162226,298.3986732157375,223.10836211725965,495460,2.9548763684080246,Finance,17.18669588659935
2024-03-01,MSFT,160.42315671236008,323.98288304118864,158.73830641687655,345.45516119575353,460466,2.928706468071973,Tech,14.103026421037635
2024-03-02,AAPL,272.9339204170408,144.09646042915352,128.00396331672243,459.1741173774948,430763,1.327457915758342,Energy,20.98466053635245
2024-03-03,TSLA,477.44636806703954,202.9670004448298,102.55594174272836,423.96976812115975,121584,1.5988462496062132,Tech,8.225910222235623
2024-03-04,TSLA,267.8909267704489,110.02363469231248,160.47052990126218,333.2520876398334,894953,1.2003099950135339,Tech,15.757910701059773
2024-03-05,AMZN,355.41037906563423,294.85102601312485,446.88793631834295,392.08868710289966,805377,1.5434351977963594,Tech,11.867625820178592
2024-03-06,MSFT,259.0377591851177,227.01243060780016,190.4070524721643,245.92898808311946,919973,2.6319115788304135,Finance,27.193788116792202
2024-03-07,AAPL,209.686080939468,347.3347811405923,234.93717425080018,356.3862112395031,653351,1.756631214330519,Tech,6.014642803367377
2024-03-08,AMZN,493.5910591839313,225.38131212198996,136.6114663701266,286.4726364510228,170268,1.1767939342935168,Energy,27.843187350161482
2024-03-09,GOOGL,263.7336025260172,226.4672401603288,182.83271537552724,175.97445458302437,880594,1.684451049557809,Tech,25.82485346382501
2024-03-10,AMZN,457.6396814716538,405.9932454862994,300.09370545818103,380.6953095509029,750506,2.96276666848256,Retail,12.439267911020387
2024-03-11,AMZN,191.98184235643447,124.49784857123315,335.06230982278277,322.5858549395288,480350,2.2593671905184056,Finance,24.732266366927618
2024-03-12,MSFT,185.24188161003332,470.6724730527548,191.91416409565335,243.44863278143657,558168,1.8323218928123155,Retail,5.7803390084686885
2024-03-13,GOOGL,112.45363315380455,450.1668691284285,117.8042028939213,464.5356760314523,848414,1.33307702699454,Energy,29.17163875733484
2024-03-14,AMZN,360.666730150354,375.46089670669465,249.45798330532247,108.37364713069331,270635,2.9723535945673896,Energy,18.16487356474473
2024-03-15,AAPL,247.41053748950446,345.25473589349065,187.51033151590198,226.3092604997984,270824,2.6416980185262577,Energy,12.582025651636132
2024-03-16,AAPL,445.7432999358548,466.38251174655915,181.72379967577177,122.75255911105862,850593,1.5629546049018388,Energy,14.064580314866927
2024-03-17,TSLA,289.2839626766229,180.05872270912937,474.14580707181483,406.6109264886509,495783,1.140137391442379,Tech,6.6601338365124345
2024-03-18,GOOGL,487.27737116588867,136.98251068728558,338.438691940661,380.84298164551706,509337,1.113251114755116,Finance,29.73373785105098
2024-03-19,GOOGL,174.21020628124847,202.00161881336294,314.96698505297786,232.54088749452683,700699,1.2407562990110677,Energy,5.982298628767311
2024-03-20,TSLA,447.44926718224434,426.8042028735771,259.2311658917122,370.2651608828292,209876,2.1615371672288433,Retail,21.372678078696477
2024-03-21,AMZN,410.6387411166967,119.04145802422575,264.433011704907,258.37489047837994,298153,2.8575268424109845,Energy,16.06839819266146
2024-03-22,GOOGL,408.3687378576208,341.0367682088133,308.6574765160419,402.5015165689737,784500,1.993486856011969,Finance,28.72290545471788
2024-03-23,AAPL,437.9132912467551,508.15219405748053,370.0897737792624,281.67346509468246,764687,2.685890964912394,Retail,11.14999350766988
2024-03-24,AAPL,404.40959637719953,451.55691800420345,372.34770799182263,264.91189113266626,123331,1.8917732397196156,Retail,18.30217059845028
2024-03-25,MSFT,350.48812865256616,316.18550406265376,162.81909354365257,473.8919661953204,123004,2.4171670915356502,Retail,17.058905214568824
2024-03-26,GOOGL,152.49795107295503,130.77456826109014,292.54453707026767,200.3516399562801,338441,2.4637454745730016,Tech,22.571661101252534
2024-03-27,AMZN,113.01047179650077,441.7062733262125,257.7234475384703,148.17893599862617,503708,1.3479274118066773,Energy,6.700255798810513
2024-03-28,TSLA,468.33913912627474,347.58629581177024,438.85815167640675,333.81724530378324,548013,1.7224321179516235,Tech,9.84472825058387
2024-03-29,TSLA,346.6601258082952,151.54786380912458,344.41047388125867,487.72872491367156,289167,2.274604313076048,Retail,10.364120502321246
2024-03-30,AMZN,418.6149163904705,143.01220035345926,305.3391062343128,251.13568549087466,949649,1.1413932163687324,Tech,23.453768871042243
2024-03-31,MSFT,292.60894060502005,473.3988618718199,140.58088366067236,124.81470545151261,713332,1.7230803755259132,Tech,9.728467408168502
2024-04-01,TSLA,146.9232755849578,376.02610648992174,334.2269662827475,235.72210692382697,895477,2.0695989325623847,Tech,19.337294097274416
2024-04-02,GOOGL,150.07431688102017,440.861153723286,141.2955427436922,302.37266172782336,382260,2.9924489860892773,Energy,10.381095512523842
2024-04-03,MSFT,374.22611489158857,460.9864546143183,228.19659734847207,164.7692026528855,642955,1.9490671252448815,Retail,26.54062375209946
2024-04-04,GOOGL,272.12235795978506,336.5678025795705,151.4225761016611,363.2408872225968,437201,2.632113514228647,Retail,28.554636362240963
2024-04-05,AAPL,180.2098906801347,314.5657724607917,368.3690905746257,499.09975560408026,698493,1.8641345701332355,Energy,17.96232437355601
2024-04-06,MSFT,296.63781869657475,279.323101180001,176.46958496528026,280.6957903925775,127302,2.592781445239418,Tech,13.807722105229457
2024-04-07,TSLA,125.68357483005363,233.3633680554033,249.78445240927027,241.89142269208506,504499,2.190829603240217,Tech,10.851444375437477
2024-04-08,MSFT,332.7885607657595,281.0113641477783,448.7915371594176,260.28166673378666,262007,2.773190883004797,Finance,6.244525038076095
2024-04-09,MSFT,207.5973617740391,418.42126057071334,175.70497144259326,146.05847135808045,696822,1.8218851047002198,Finance,11.712501904937385
2024-04-10,MSFT,419.02364025487526,348.7789895611283,295.58300026371774,453.3094405704895,849702,2.2086088396429577,Finance,21.355894498632946
2024-04-11,MSFT,224.1447835694295,466.4719324317127,260.61230616057867,265.9302622085408,262696,2.2600373612376545,Energy,18.34042328273027
2024-04-12,GOOGL,282.0880596327205,284.568905823571,102.15899621306325,254.90976456993653,113440,1.8347658836009466,Retail,28.601031957023185
2024-04-13,AAPL,104.64821596324026,350.8712793810954,408.1394548612611,363.87610917218973,473145,1.288624087374963,Finance,14.906931562292515
2024-04-14,AMZN,128.97875511782354,360.6795590022554,122.27313299426689,276.8133683724494,408645,1.187118813824671,Retail,22.346583558209865
2024-04-15,MSFT,256.99742256267393,344.63735073406184,282.3307332858967,359.2933875231384,494485,1.0333431011992662,Retail,17.233068686878035
2024-04-16,TSLA,291.9755338868494,389.5666780996341,316.46792650088526,124.578516052315,894300,2.7470685284904293,Retail,17.814405398105293
2024-04-17,MSFT,340.0082192477215,201.16055469179656,343.2284503627619,425.48933748889095,785611,1.472949824477389,Energy,11.694357865102937
2024-04-18,TSLA,216.6650314837213,312.50732990604524,367.00949357661085,476.20158115176105,440053,1.423013498563536,Energy,16.373769421049992
2024-04-19,GOOGL,377.99275445061704,147.2110451373808,195.04259149147248,359.5061544637544,708811,2.472070800852131,Energy,16.769624925317682
2024-04-20,TSLA,444.0489588756818,260.72708769614906,98.9416167800875,481.8263715435243,794089,1.6400322261747835,Energy,22.666063043723348
2024-04-21,AMZN,411.9403955573399,302.50516279161207,380.76024663019024,160.57292574798532,640022,2.012089384823673,Finance,28.515999979652847
2024-04-22,AAPL,115.84753013934287,369.15082511591635,306.58435674229355,290.96647579214147,797789,1.3250221305949126,Tech,13.233031937062607
2024-04-23,TSLA,292.2027789031316,489.96507629741245,425.2664927668633,340.7226935781789,272409,2.9194914429239383,Tech,6.055011714532461
2024-04-24,TSLA,141.97207136726996,348.26368195208414,419.44840334577424,332.69465896847464,533541,2.703162800034475,Tech,17.40737813751599
2024-04-25,AAPL,196.81800634501099,406.1555360515067,428.1138362762139,260.5847116356173,445744,2.7275792459300066,Finance,18.611533303729214
2024-04-26,AMZN,494.6650373068586,310.03775409555715,286.61239069191834,235.23376374650456,894865,1.8135474971440104,Tech,9.211013778297882
2024-04-27,MSFT,156.9982171606053,361.8121327074142,226.78321635556193,150.72960902016752,607173,2.5247224274143454,Finance,24.01161515690167
2024-04-28,TSLA,299.55526138054245,133.72754753417823,407.66549002359113,256.6969802249113,764471,1.2877523107795603,Finance,29.62322771103729
2024-04-29,AAPL,347.26229372724765,208.02859024094803,273.2611746465557,165.06432604219407,728274,1.0172380051835606,Finance,28.644367925211522
2024-04-30,GOOGL,380.9859882176416,251.5505027480812,167.45966757935662,393.74627059688737,950185,1.0399458651560562,Tech,9.927650970591305
2024-05-01,AAPL,323.85947339476564,296.359808777638,432.71473772678235,183.532374197836,738071,2.173203474809121,Retail,26.884080997519018
2024-05-02,GOOGL,103.90833896767346,123.48774192846541,443.6111513250772,123.42612211381353,311655,1.9107898104958816,Tech,22.61234091029212
2024-05-03,AMZN,230.58452329759675,161.70975950909366,279.1923536753672,320.94645512689374,566836,2.0360306978170395,Tech,16.34616409517279
2024-05-04,MSFT,307.0846573538846,217.10979465547882,124.90139228736605,338.09189308776064,908183,1.0149262808344388,Energy,18.515274858118225
2024-05-05,AAPL,135.14659965793334,498.47073981492554,248.19130551718783,448.7652245122022,771813,1.8453732393148514,Finance,26.24000437456145
2024-05-06,TSLA,240.2507724836723,239.19553787673556,412.3973754877283,330.79264496707276,841204,2.4361363224017216,Retail,17.00337349095933
2024-05-07,AMZN,113.28124351654662,300.2266285353934,451.2007412757603,238.1923414893783,532184,1.8853874039348717,Energy,14.330184227628171
2024-05-08,AAPL,131.4313988620083,184.41957365904915,175.37173328655035,421.2047526105282,261149,2.4644384126244443,Retail,17.331187325649644
2024-05-09,TSLA,258.7693104806384,352.36592878568615,121.45457674998225,316.1115572749684,339654,1.4660379287936696,Retail,19.47824510087623
2024-05-10,AAPL,153.08630161722414,218.67670228396958,441.55342898747125,131.7121138524767,527991,2.626284008963451,Finance,9.726941344458721
2024-05-11,GOOGL,327.0163393046233,188.83199426756283,248.81495089665574,326.3402241252987,289216,2.1768624809069044,Tech,27.522693256674767
2024-05-12,AAPL,375.7859876549063,314.2119145206215,308.99558088568745,463.20741816866496,935002,1.4215261988598125,Finance,21.854673720740347
2024-05-13,AAPL,420.23467964363317,107.22984865997043,477.38599576004975,258.5250501992882,277169,1.4734409517076659,Finance,20.831722933437224
2024-05-14,AAPL,180.06009769792405,108.10393322293626,121.29306752611802,218.53032075992002,910935,2.256060929139074,Energy,7.487405654515953
2024-05-15,AMZN,166.99303290362792,193.7228676862524,351.08561294357776,157.38778280720803,758139,2.6598791864248867,Finance,20.104348454314795
2024-05-16,AAPL,141.8271361337601,119.87215181283256,124.27164191707249,160.57820877414292,973272,1.8312555640583104,Tech,8.024016555962309
2024-05-17,TSLA,354.57209981745467,148.75043042293,243.31022674426765,273.1085937367276,231827,1.5166008582551844,Retail,6.967441879884976
2024-05-18,GOOGL,382.59029059476046,242.2385629821944,412.50674535141144,338.2719296646118,401407,2.734023213821201,Finance,18.182772391059835
2024-05-19,GOOGL,112.63445793025681,430.0472002298242,266.22153193847555,132.24616206784071,994923,2.3385365835016696,Retail,15.069638351162375
2024-05-20,AAPL,474.4848984974759,336.6797005645668,488.8870297916654,475.8274356100663,417231,1.896170974566153,Finance,19.72025675390558
2024-05-21,AMZN,120.78851346058897,312.63042901234866,315.82841755390785,402.05344697807834,675770,1.9758003905586037,Retail,7.230554201430965
2024-05-22,AMZN,316.51853412042817,223.86297339928927,221.85905029120164,334.64956731346507,222989,1.4085129358727928,Finance,15.77457657118146
2024-05-23,TSLA,383.6242077803666,482.36025637029064,181.9439737323775,431.3754683755963,510616,2.253605260129688,Energy,9.36966787612895
2024-05-24,AAPL,448.38764949843426,265.7910917010626,233.4556110430339,132.0747027248453,926547,1.7174850210857773,Retail,29.677502148102914
2024-05-25,GOOGL,385.63477285297114,140.27257055228745,242.15064313502256,290.7355510932498,376393,2.9912903533486985,Finance,19.02875531087936
2024-05-26,AMZN,420.6912332279167,354.91193902770954,122.14190270096458,352.03725074466536,868543,1.9603670305237757,Finance,22.18592152352168
2024-05-27,AAPL,235.78007701712244,151.10454935802358,240.9818087735754,431.4611624473157,734649,1.9717712123792264,Energy,13.135457017065196
2024-05-28,AMZN,425.9300454986049,244.8153728346853,278.37421529699384,413.38782401970707,911032,2.1317035748213438,Energy,7.368472869483604
2024-05-29,AMZN,132.04593855387006,310.5018351807126,380.48141213432785,210.82769988535983,399850,2.8335120062374934,Energy,29.396771569588417
2024-05-30,GOOGL,457.92666242421103,459.0601224974962,354.40814646503514,476.3520678236817,905654,2.6016361997195006,Retail,12.15647588457958
2024-05-31,MSFT,319.0369504614945,304.8863650377481,374.9624338155159,149.73833657234815,461185,1.9022601395956829,Retail,15.595204629339355
2024-06-01,TSLA,426.9191079849975,389.414800242824,98.30365434135855,450.0534474484609,990936,2.437398531945592,Energy,21.246598042564376
2024-06-02,TSLA,280.92731380732005,507.0908197946235,180.97862283431175,488.3760998418474,141139,2.1724709975615233,Tech,5.617432442152782
2024-06-03,GOOGL,357.43107807860997,158.25309355868256,356.3652939179433,170.86140928905024,739207,1.9847340974024978,Tech,25.256478262932173
2024-06-04,AMZN,310.5610643744453,216.26626783540542,286.1758004310001,388.82642568151414,871965,1.384631545568701,Finance,18.414454750715507
2024-06-05,AAPL,392.63580870213275,264.8033106170468,97.09882288899665,116.11420751119938,403446,1.9278725269097818,Tech,11.955429676720554
2024-06-06,AMZN,132.65199281223585,275.8404123082267,412.7753837605698,262.169130055662,325756,1.4916371740451493,Finance,6.540199632311731
2024-06-07,GOOGL,124.14083359622552,271.46353548254604,400.25978144968326,306.5133196790696,449982,2.8296842997033096,Retail,9.062460386861037
2024-06-08,TSLA,198.8412936040586,472.58245603540473,311.62556938245723,332.2580903638536,764006,1.6708136269926939,Retail,27.375846471335922
2024-06-09,AMZN,163.81787204527535,394.1832210090769,121.2530136816275,474.3748992994238,768903,2.9045280290667446,Tech,22.150605598397277
2024-06-10,TSLA,448.7134266368807,351.201611706735,397.77344456537094,368.90027491767785,849856,2.0661105801894224,Retail,11.247543040922245
2024-06-11,AAPL,187.68559494321772,230.29595073442675,325.5668671538888,292.5111804876948,778145,2.2630887573523206,Energy,6.640019123625738
2024-06-12,TSLA,490.34610232765255,438.63510560962436,403.8741909773939,423.87001450635574,964785,2.0858808889786555,Energy,22.26538280966591
2024-06-13,TSLA,234.75831670844275,491.7995071514205,391.940061996357,480.21312838176357,451136,1.2587612339334018,Tech,19.310193149194127
2024-06-14,MSFT,172.8471662754797,437.5853044328417,412.18581842334567,108.82645947291634,937860,1.751642438015882,Tech,15.112988111455875
2024-06-15,MSFT,415.87940285699165,105.63386760254653,299.6131862298268,493.0085089024155,648065,1.1982922245552479,Finance,14.090286229751596
2024-06-16,MSFT,363.48311020035044,362.74255492427983,150.4281846864384,134.45285562547213,157939,2.2459080883667637,Retail,10.420356898227707
2024-06-17,TSLA,299.2782865812556,125.7098294840508,360.10720198497705,425.75471170750455,546242,1.8937483904008778,Finance,21.74028141343794
2024-06-18,GOOGL,322.1454203750525,209.33092423515734,340.0871450955284,212.133901020565,972882,2.5559699431418736,Finance,29.26670069484676
2024-06-19,TSLA,387.68071130890553,129.10750364084754,388.19000894363944,152.87186310154868,123548,1.4409409619987397,Energy,9.392881145920647
2024-06-20,GOOGL,191.38189653251948,349.53715844450204,162.10299739004046,275.942255885534,556437,1.3291321168586698,Energy,19.927915500387584
2024-06-21,GOOGL,498.53356642269677,383.0689149645057,172.01520396061426,357.5826317790454,749837,1.8126644619275356,Energy,15.604626393649404
2024-06-22,MSFT,489.9172648587132,151.36749341669156,446.71175930163474,252.38073800939,533917,2.8531707664367625,Energy,16.16721804361662
2024-06-23,AMZN,360.13027453877476,260.4547476332167,391.24123038856794,121.82616331307958,544503,2.4208436300248235,Finance,11.35368200319536
2024-06-24,AAPL,179.81698037165805,289.7757861269945,453.75025303662756,339.78445586348664,237799,1.8378472495858373,Energy,25.628371891535476
2024-06-25,MSFT,372.09129697251655,254.4664738131712,394.6925518597487,460.9613104442699,865820,2.034544339508621,Retail,17.131390103681028
2024-06-26,MSFT,128.87936359167034,154.0151251965032,330.87634586616923,253.28614637890067,281789,1.1684260223541967,Energy,18.585146304956602
2024-06-27,AMZN,112.26100088232242,274.67385502592754,353.3824311260101,186.5331110523308,525643,2.969151792752226,Energy,12.619022819933143
2024-06-28,AAPL,203.07315540448548,409.22710936240935,446.2055299563039,277.03093837312616,772052,2.332814609389838,Energy,9.545211641673744
2024-06-29,TSLA,285.04918269572653,133.75810413596847,323.6286680322165,119.34508441951235,655913,1.570808136926845,Tech,7.147759705070512
2024-06-30,TSLA,447.3090021633522,137.4729057031709,344.79457310971304,428.19503379210994,911350,2.1716167884304887,Retail,22.852978523122896
2024-07-01,MSFT,390.8676279065232,248.6823731935736,156.80830282142222,430.5363243800747,534352,1.218964732137988,Retail,9.905857042196391
2024-07-02,AAPL,397.0826084799924,486.39891320566466,282.19888194586053,335.2001853718514,739169,2.931673337615167,Finance,22.251883854719942
2024-07-03,MSFT,270.1973337792301,375.77192192278017,377.9768592234491,241.2411555753558,545625,1.3495699757667319,Finance,14.759411151173847
2024-07-04,GOOGL,238.37399701878516,379.86133245238875,202.02236583496432,419.9133457783133,902009,2.296060636110428,Energy,15.394370024741287
2024-07-05,MSFT,248.41550519384108,251.5775962893353,174.8904013071913,321.8748099153469,447299,1.4909089250778609,Tech,16.72943740231929
2024-07-06,MSFT,495.05982549442314,345.4326204394581,218.96158924864415,430.3729234200065,211776,2.4351227652970717,Finance,14.19271270318858
2024-07-07,TSLA,116.04367656499299,109.10312953123606,190.39274805716923,352.58351703320824,985678,2.553642734480562,Finance,7.515499430564752
2024-07-08,TSLA,446.81259844897943,362.6188987958646,179.89049162937636,413.7621892851189,858284,2.346839457822865,Energy,12.740795250071145
2024-07-09,TSLA,331.47016342895733,474.88121376837586,262.81608293289435,339.42519728710397,882119,2.228998920510385,Energy,21.59335901734846
2024-07-10,GOOGL,275.4461676758362,353.0922546796518,453.59621298399594,265.6564272862665,613624,2.7849381879040234,Finance,21.644610036721772
2024-07-11,TSLA,390.1030641660546,458.84793035386974,295.28856046179374,483.17834397045505,312803,1.157253421979516,Finance,12.155607680999859
2024-07-12,AAPL,294.66757656988113,398.209087463768,169.2285504220526,316.4455299515379,258761,1.6618295315603904,Retail,16.5025656639422
2024-07-13,AMZN,449.36929523266423,153.82615864349455,125.40380940544526,342.03580741621533,766514,1.496574959261692,Tech,9.836180700298437
2024-07-14,AAPL,460.2807456045034,470.4935894507659,369.9816773294805,188.1950557658997,597873,2.976027924130843,Retail,10.259302038245895
2024-07-15,AAPL,268.68837074938216,131.90975696408884,246.2055119523732,350.26031577091055,457092,1.778779559333747,Finance,5.576177210165185
2024-07-16,TSLA,210.73111889402063,321.25682638184435,419.62322390121693,328.64305979317754,121341,2.4652253984807975,Retail,27.418663747693614
2024-07-17,AMZN,336.9401314373449,162.56553513635035,355.5067536131042,173.93535917880996,459698,2.369450327762009,Retail,10.267666626872655
2024-07-18,AMZN,464.9453382466764,109.74117734601614,409.51537296384055,123.83483894125749,305753,1.4241624749547555,Finance,10.688346923411583
2024-07-19,AMZN,184.2648756022666,275.9238753516938,202.41868557028727,341.74372788590847,994230,1.4779953604231026,Energy,11.990035816128294
2024-07-20,GOOGL,349.1866334253931,224.4914865999333,368.48177437211797,405.47690774012824,408474,1.5625691271060682,Finance,8.185201792385726
2024-07-21,TSLA,352.6240880370082,301.8301999880292,199.3044839540189,309.3605483688033,873429,1.8222545565187585,Energy,20.981572079534068
2024-07-22,AMZN,393.2452089661124,338.76595412749305,465.93204938286516,190.7090501278583,449903,1.4686501313010536,Finance,6.878573829439665
2024-07-23,GOOGL,152.62707405090393,122.71432428512368,346.3678412056829,366.60879067721396,823776,1.0393029654936956,Finance,8.355060658158756
2024-07-24,MSFT,386.32998587283544,154.81633452511699,223.18216106926013,132.0422906438409,880427,2.758786113614391,Finance,21.118918164752323
2024-07-25,MSFT,463.6130082662564,331.2501705624222,201.4571856054477,276.73348192078186,448951,2.931219662761768,Tech,13.491515512036068
2024-07-26,GOOGL,171.87324354809678,243.98277803492658,170.41600110329918,165.34670335936806,919745,1.683140774063136,Energy,22.698695667529726
2024-07-27,GOOGL,195.01732996955104,400.31526245752644,369.3831787630225,173.78362042395335,409044,1.6770137588509457,Tech,18.93561861675355
2024-07-28,TSLA,488.55803761665584,369.1781176797356,181.3926671341813,180.91757966328146,178840,1.014183625548742,Finance,11.400529326537827
2024-07-29,TSLA,172.3907810837959,447.4697670109123,330.1447900413582,254.68282281759116,265767,2.360501376660748,Retail,21.270698762233202
2024-07-30,MSFT,441.7540373478316,385.45959480103625,199.53083563551615,120.46008224815905,261297,2.6508797914972577,Tech,7.906842007322016
2024-07-31,AMZN,296.9111425792139,279.12208634301,356.4777331935781,259.11737637163924,972504,1.2932166007200063,Energy,18.410259577000758
2024-08-01,MSFT,198.89242976127082,377.55148206974513,416.901192773513,304.68297884588037,982799,1.3193326987343015,Finance,15.928702626125867
2024-08-02,AMZN,448.29996050900456,216.5293755734445,402.319971042138,293.31771398653007,149156,2.5801664999428757,Tech,11.696839570436019
2024-08-03,AMZN,278.1221020010662,229.05696700517615,395.5362757176588,253.1136401612162,308281,2.2325814967082893,Retail,20.1001249434875
2024-08-04,TSLA,305.9269415718761,424.5389897679213,169.15035024843957,435.658643228301,187453,1.089721115255434,Tech,26.783339808507062
2024-08-05,AAPL,243.6933477599063,285.7999041426408,129.9120540588849,158.13067696820164,783189,2.2450939809245636,Energy,29.972617494076918
2024-08-06,AAPL,337.18034057397097,428.34403790993275,371.0847872525173,302.27869751254957,125938,1.6178354456875321,Tech,20.19406921858561
2024-08-07,GOOGL,165.4095490340091,438.08106133565275,240.49714944876877,124.81656678262172,159164,1.7374503109416919,Retail,15.117646858229254
2024-08-08,TSLA,256.4326146607043,452.3127467528199,265.77675942932217,128.4622715511639,547746,2.5394628365937604,Retail,10.63017750540504
2024-08-09,AMZN,487.764928934115,476.237270515689,107.30389165338947,329.54633987083855,823559,2.621870385345221,Energy,11.427402234877793
2024-08-10,AAPL,203.253373080451,279.549014307885,197.5326974636444,326.4073699551284,684570,1.8007132536796613,Retail,16.98637445374414
2024-08-11,AMZN,362.6946658165169,234.14106142006122,108.30217953041328,451.2134051377828,409945,2.8943058720127093,Finance,14.18194253201773
2024-08-12,AAPL,230.07602568987795,340.7904923706161,442.2783801774928,323.1494702640293,502681,1.8129254359041445,Retail,27.845363065623605
2024-08-13,AAPL,409.38925027464023,255.32483149223916,191.14168987131956,483.91640816194007,365470,2.54367207046022,Finance,14.207386691392738
2024-08-14,AAPL,152.3494642873399,348.4350375540944,315.1481819813382,119.47793935997191,782954,1.9677545291285181,Tech,14.336114778635887
2024-08-15,TSLA,487.9284180314179,390.76227437074897,110.3968316611465,139.20307391229642,215819,2.795064653044168,Finance,14.588362810849423
2024-08-16,MSFT,281.5158165534557,383.80403248931543,358.4047195657349,117.62634462815257,366907,2.815522487300357,Finance,25.915505259191452
2024-08-17,AMZN,194.42018533858558,256.69391924314914,222.59580157286706,174.11074013341602,581873,1.1748336157421677,Tech,21.269708021172548
2024-08-18,TSLA,129.39869893200506,172.5783816879949,449.678078848278,316.50804437667125,241900,2.8729866626204514,Retail,20.354221257972316
2024-08-19,TSLA,167.9031620350163,279.364382077194,445.80668462894414,358.2288725709712,409732,2.6510696830408316,Finance,13.353575559596555
2024-08-20,TSLA,307.9095794224071,162.75062835317303,223.48979425289036,118.23406317946751,897653,2.582621428625334,Retail,25.447604420810986
2024-08-21,TSLA,234.8012705725145,465.48929924944235,450.87955379773484,478.3883559382397,504427,1.4018226793710449,Tech,5.959096533892528
2024-08-22,TSLA,431.55334635304376,245.08037159883224,488.4822810320176,436.8661506601524,637857,2.61023841750933,Energy,26.76992930845283
2024-08-23,GOOGL,272.35500946472234,167.55619762544615,421.0391873289595,218.64499286283726,327966,2.7002654693700734,Retail,17.81874749484824
2024-08-24,AMZN,199.48570903505197,115.3063427618291,428.72418236331544,130.87501209058718,137860,1.578300668908302,Retail,14.95625587158532
2024-08-25,TSLA,346.857994641612,366.55806644602615,193.3584507630905,167.9548292876229,302630,2.9045201567246473,Energy,17.429182017942143
2024-08-26,AMZN,382.7108867541783,362.945438569171,322.79744754881375,150.77776550198905,931769,1.0997202927983285,Energy,21.685388263345775
2024-08-27,GOOGL,166.81676316037994,242.94468746542313,121.56608601711031,149.31351171957874,623225,1.2998185064942793,Tech,5.319135662947434
2024-08-28,GOOGL,167.04768651532706,134.04331498329867,132.49258504455952,307.4246754662936,768875,2.0751622761030286,Retail,26.788796411456193
2024-08-29,AMZN,114.66857077341719,270.899702432569,489.5625817531498,198.33897699736013,695983,2.1515849422446194,Retail,16.168488132784823
2024-08-30,AAPL,394.5608060262562,231.0430855006744,224.02250352323483,243.2558866116578,353078,2.290300166601807,Tech,13.574162992501954
2024-08-31,MSFT,365.52181104872204,379.2338590926788,390.5326452592943,495.802133353729,866887,1.033938258630933,Retail,8.456139140851427
2024-09-01,AAPL,289.85235029992555,350.34059602833963,413.6326959455925,373.7256995701379,468893,2.9207335492442605,Finance,15.986634358961053
2024-09-02,AAPL,437.6681795876789,252.6604599200037,433.9191920478555,479.59226681880057,255976,1.089176185468288,Finance,17.408069282109473
2024-09-03,AAPL,422.2680611800213,193.24648447327098,489.06317747385185,157.02262201324623,815295,1.2861239054468048,Finance,15.091167362336945
2024-09-04,TSLA,334.14174575870084,505.1545662930147,190.3911116764628,252.85578993302772,930222,1.028029035052114,Retail,21.966502345672428
2024-09-05,GOOGL,447.30851220530343,288.8706565844265,110.93857660958139,321.8927213129417,955012,2.1337168665881894,Finance,15.52241321898065
2024-09-06,AAPL,182.3364840147073,383.751065490996,257.4206496078615,130.7032247554952,105636,2.8645337678419445,Finance,29.035439446164332
2024-09-07,GOOGL,144.76784775909115,161.9239518692361,146.38186458243405,101.67497745118314,361578,2.3318943321609282,Tech,19.981937945589795
2024-09-08,AMZN,207.89984460679585,301.6638283620561,103.85822621901177,368.173733518767,439273,2.6453149369608546,Tech,25.186948391297722
2024-09-09,MSFT,122.83474243572594,116.15237154713353,237.368596720887,356.7278067205741,383816,1.0265624069171602,Energy,7.733897577736971
2024-09-10,AMZN,312.4678112004128,309.70932275373224,404.5766091747184,264.3155239998447,892244,2.084030596959452,Energy,14.932282323647643
2024-09-11,AMZN,474.6422769179846,495.42704988266945,318.641373033903,295.857630412813,327693,1.9191259550110438,Energy,13.421192536178818
2024-09-12,TSLA,115.73741626740386,260.6037187592491,218.54730573808985,266.1772002368358,621393,1.997935888441586,Energy,19.237059703414793
2024-09-13,MSFT,148.84396560401072,120.79338509283919,353.46509216962426,109.60201793795554,100654,1.144426370670376,Tech,26.527838001535642
2024-09-14,AMZN,280.8796113133741,117.53709532233412,186.64718122198025,234.14864248698498,678921,2.368870722138615,Tech,6.958455444050166
2024-09-15,AMZN,473.55000701116194,262.1346377784821,100.68067119847359,170.83290215891594,117143,2.0064408297172687,Tech,6.8143699511177696
2024-09-16,MSFT,226.4624419907002,169.81009926759359,396.9195876423888,139.36967564054748,680222,2.530297699722528,Finance,26.25794270393997
2024-09-17,MSFT,302.893923475357,114.4575990129153,341.3785185212836,482.6881735557399,429478,1.9705812681234307,Finance,10.321252150958935
2024-09-18,AMZN,116.62914362015684,411.2665136498216,396.1095366778792,339.74389001686626,727751,1.2987632724528642,Energy,21.718831361245343
2024-09-19,MSFT,159.33728038483554,290.7018185971657,110.38051659162792,391.4625136946411,225851,2.296513908155644,Finance,18.57195330902013
2024-09-20,AMZN,494.65204918353874,222.14413264892508,425.66225299310764,226.145497306447,653375,1.3447727242103324,Retail,25.822339872180738
2024-09-21,AMZN,486.0474785744182,469.5336891216747,339.7128490143398,257.2588517976061,766978,2.74478912670963,Tech,8.127222745910089
2024-09-22,TSLA,101.97599237376384,152.03627888121287,317.5411635314929,194.76959755868938,894878,2.226232478138483,Energy,8.244574143065282
2024-09-23,AAPL,480.72471416929557,492.1471257269043,341.72254900524,138.7862683861699,988559,1.3144077671139085,Energy,18.92045900695769
2024-09-24,AMZN,355.64797512620015,232.15652053782787,436.4511325130038,171.6126549766335,411011,2.9246761149624136,Retail,28.659466333959273
2024-09-25,GOOGL,447.1673178080089,464.8034872850159,326.83992009076826,419.0056181185943,544244,2.036730926670641,Finance,15.374943959268856
2024-09-26,AAPL,281.89594225354364,349.19186497418195,324.47540005583085,371.0183220735103,946533,1.14579690374331,Energy,13.173552506367374
2024-09-27,AAPL,306.2384114317001,439.8164806953024,486.3182670409775,318.77155039419074,258272,2.2536658088301342,Finance,20.167233079947145
2024-09-28,AAPL,295.5386321027681,503.525331100238,393.9084159920844,290.03594914670725,326179,1.5063978140256205,Finance,28.261215013625776
2024-09-29,TSLA,366.74570301844176,221.804202316592,269.70605315319847,468.9737134624498,974506,2.607386903754605,Retail,25.92319582111559
2024-09-30,AMZN,155.86050190252516,494.25987159007514,374.42181501300644,129.09397911146738,816825,2.635644147132381,Energy,29.887090268330496
2024-10-01,TSLA,111.98943594907118,262.7401674354802,248.74603631825644,212.24032529516637,602716,2.957894711709324,Finance,5.564214580059427
2024-10-02,AMZN,223.17197663647636,261.13232141845356,185.4058076809821,239.9751414282856,317508,2.003739062049007,Finance,7.821453617819056
2024-10-03,TSLA,381.87230509465866,242.8567772230748,330.756491370665,412.97032488511513,742710,1.9099137594554743,Retail,20.23669408416555
2024-10-04,TSLA,180.74138084917934,324.270080975772,461.63192875501085,497.00584806478855,450036,2.5069512108929612,Retail,25.51441098334624
2024-10-05,GOOGL,369.37297332996695,167.42874248728728,462.0101104061078,196.2682059028612,319631,1.2649413126838531,Finance,12.131108557669164
2024-10-06,TSLA,487.96481844290815,329.25315156999454,230.05258485166868,449.7229336548322,482188,2.0938310275862486,Retail,10.980277200855468
2024-10-07,MSFT,137.56028631576737,324.3904490260516,303.4325991575695,432.2491041727165,139148,2.092495200261702,Finance,24.67439498453002
2024-10-08,GOOGL,369.0408472900505,413.57023410497237,178.59617993509517,189.86295905670664,969360,1.1789462456207744,Energy,6.40954634633079
2024-10-09,TSLA,277.50008772182844,442.6282345847222,488.27428825205897,259.733032079689,251770,1.8359681710138271,Tech,14.234566189564628
2024-10-10,AAPL,447.25690175100215,283.37874687653175,482.5415736078346,263.86914771700765,535686,2.706569597134404,Retail,17.645230564808244
2024-10-11,MSFT,170.85991577895436,227.44496598735498,351.5560272344417,491.28826741062335,585287,2.7123072439893203,Tech,19.008716858758085
2024-10-12,MSFT,377.0503808904658,210.03063341342326,412.74355357260197,172.35676055155932,938092,1.198475329839362,Finance,23.215378919819422
2024-10-13,MSFT,435.24611585924407,183.82265386547311,377.46456370706153,419.66318844191284,921882,1.1814417654956617,Finance,13.871143085766455
2024-10-14,GOOGL,477.8456877896093,128.34727079060508,329.2974965205899,233.67708566924398,811823,1.5253909540038706,Finance,20.31710861686518
2024-10-15,TSLA,373.2992113158583,243.6914314280589,116.07245881061459,392.34813831046415,395901,2.749532125107987,Tech,19.634385569773908
2024-10-16,TSLA,298.8699056033709,214.45031531296723,274.63191530830113,268.00440171826517,178012,1.2578051701469979,Finance,18.690402516343678
2024-10-17,AAPL,347.13889608048555,496.399041275895,361.54058935612716,331.34390524661603,993182,2.4399936052548927,Retail,21.012082328555305
2024-10-18,AAPL,447.5619937914873,330.87207463126776,362.62498748405545,433.04470933045246,156116,1.2023312392262064,Energy,11.486229276701907
2024-10-19,MSFT,328.2438986555319,245.64720080735555,242.3834342768415,421.66622599355367,244233,2.2462757074956508,Energy,7.116218839615724
2024-10-20,AAPL,112.15482387873475,340.08937840244687,466.96833472992205,446.56927341588005,132152,1.7121345982382896,Retail,7.9817918009935855
2024-10-21,GOOGL,472.3794782027911,161.37466404500668,161.1060277335285,123.84693013786361,206379,2.577827925931734,Energy,10.614559566347527
2024-10-22,TSLA,375.81070041262444,284.83771842689214,292.64198125514645,376.82022121589796,326905,1.4673808976507272,Tech,17.50494838806963
2024-10-23,MSFT,370.60535431089863,358.62490017553085,367.899170737575,155.99495068870516,120836,2.2784036587799195,Finance,26.011068763650503
2024-10-24,AAPL,186.27006095908686,303.0036218759428,370.36864332726464,266.3274272073644,321439,1.47136506915177,Finance,22.532333552209604
2024-10-25,GOOGL,363.55418809306286,267.7204142650013,351.2123879236822,319.4353660218754,286720,2.4273205662243074,Finance,24.72601510505118
2024-10-26,GOOGL,257.5457622616634,507.50859750437775,203.73884431348478,261.09579389873227,257403,2.7473560691214978,Tech,13.774390598152285
2024-10-27,AAPL,360.49319081659684,461.5274786703154,156.70159463121567,307.844670321203,241835,1.25360359825352,Tech,15.116343541213753
2024-10-28,TSLA,142.6372121231963,357.47941305457323,346.1964290965508,498.61052351944767,955876,2.733191377191007,Tech,14.842047149765321
2024-10-29,AAPL,363.1381218412144,335.5978312788245,331.72433587507794,154.08692548514188,717397,2.187150508828596,Retail,9.796829610112539
2024-10-30,MSFT,499.76549030826664,356.3674943289566,165.8456240642502,370.18241813457024,250259,1.254220981734048,Tech,6.5304164535893
2024-10-31,AAPL,119.28481554422241,186.53140366808546,373.5299625003725,258.4003865542461,243029,1.855083710719424,Energy,19.77290232068067
2024-11-01,GOOGL,490.8696736885269,265.030786022049,274.7929367347943,153.2039195629315,497595,1.3217205869701958,Retail,29.730417085514652
2024-11-02,AAPL,262.7631842891483,120.98111082081422,358.7654336832454,163.4947053497238,706306,2.400695777733139,Retail,9.17074262375657
2024-11-03,TSLA,448.30138013490364,297.59614518216483,425.75999650920954,479.70924249824674,747364,2.5177362688358995,Retail,6.167120497481844
2024-11-04,AMZN,412.9541936233094,324.92495650285355,162.04272928788464,451.8405986847048,782465,1.211593040545598,Tech,24.488292045598325
2024-11-05,AAPL,326.8065043946671,197.2386431217999,102.56222285875049,462.81678416600874,494093,2.0122797053892887,Retail,11.314650167118105
2024-11-06,TSLA,395.3796837005306,495.43168310203305,402.7455216263358,496.6131103309546,803713,2.6292501120518343,Tech,25.741095133823208
2024-11-07,TSLA,451.4062245205392,473.329117429583,335.83048293528327,183.32615600340716,970220,2.872326083101993,Tech,22.598416675862886
2024-11-08,GOOGL,261.6561286604132,397.4680103596419,371.3576300007381,242.1757349456247,983302,2.0270357334835403,Retail,28.641838426270116
2024-11-09,TSLA,230.8132646252955,321.0215846499718,426.0712151205138,367.68761196994666,839945,2.900558447222814,Finance,15.2231808939168
2024-11-10,TSLA,367.0373542254339,457.3375096573124,412.1103192556777,293.5210159442589,445452,2.0713779409120594,Finance,21.549245986265852
2024-11-11,TSLA,423.13837677650343,157.91419924850248,474.5634580368857,267.3558133513334,544783,1.788380989199816,Retail,16.62136952033177
2024-11-12,TSLA,404.9140539106463,425.1564666813284,306.6943561465867,243.12449973423722,420057,2.696406257105791,Finance,20.76471743271359
2024-11-13,MSFT,419.1254595434538,155.55242965657357,287.9557749006626,337.5122527773809,626925,1.9859654209161781,Energy,16.239972650193433
2024-11-14,MSFT,274.2333259251732,426.6553183325092,253.7454439568384,330.2373714560328,565994,1.943805021129046,Energy,9.715806160601872
2024-11-15,GOOGL,427.1336864700086,216.68586514179958,155.7079619234608,164.58313362569604,928457,1.9806249788196566,Tech,17.697435400084522
2024-11-16,AAPL,148.08362214824336,460.2216853123665,321.17985698839885,288.6959350073756,862277,2.6935700037394907,Finance,18.21460503593606
2024-11-17,TSLA,317.79563918433985,487.33704799928614,204.41994710876162,321.3887104839399,856547,2.6638830833761045,Energy,25.265096206504026
2024-11-18,AAPL,102.30346419924862,165.26236760907182,458.91646732412534,328.1147754925562,461652,1.8070399848804224,Retail,23.38801764483953
2024-11-19,AAPL,229.83433196010813,292.3836200514844,325.36036768945354,184.0428771649407,706752,1.66659971974105,Finance,21.5947905985361
2024-11-20,GOOGL,246.58461394855914,502.29988815588746,329.1718713007035,396.90855690091473,390886,1.9838560480782585,Energy,7.834677388814313
2024-11-21,TSLA,258.4690766437021,300.7800115691244,235.19524104641897,110.07963792842786,636119,2.145545019474218,Energy,23.015407266592874
2024-11-22,TSLA,378.18688267594484,454.7367466183908,115.53579403119446,241.93274221726506,213768,1.476674421255994,Retail,17.50762890886287
2024-11-23,AMZN,255.4232405081383,343.43626646318455,107.5387873223305,412.0850594142534,871271,2.587910169431181,Tech,27.352488402653982
2024-11-24,AAPL,279.47744904901225,257.0086127074387,262.217381940513,325.55716842216094,447236,1.9729655314648458,Retail,27.99677335326357
2024-11-25,AAPL,195.01765234973098,220.74233998797743,128.40332434840894,204.4649730043441,977311,1.6680910968399192,Tech,6.3789147650446365
2024-11-26,MSFT,249.30071665173602,187.30535188986534,334.70454743835495,377.98124773721906,974802,1.2136419859279812,Energy,25.51603900886197
2024-11-27,AMZN,190.9078509052606,413.52826750796737,442.9843372276647,326.95637766242936,729112,1.4776903208072139,Tech,5.942434760566766
2024-11-28,MSFT,129.27836950737745,261.5489052633263,443.75135252489525,418.49744378255485,188741,2.8985623435119674,Energy,14.179240642375566
2024-11-29,MSFT,341.3794373525511,312.06656219130423,355.3229370022318,394.01007447592934,118830,1.6101993736390532,Energy,18.557499390526978
2024-11-30,MSFT,367.2851194220065,304.39181940047865,178.43657343180774,344.04316881449387,417188,1.3377185787340706,Finance,8.702519965678185
2024-12-01,GOOGL,347.7961384038458,338.7980068394181,435.88374838675446,295.2710701243256,960380,1.9213455833099864,Tech,23.657845314226922
2024-12-02,GOOGL,285.39761752022895,455.55874397794366,445.00690694871724,153.27285026700935,169202,1.6141754867204974,Tech,5.208867604303464
2024-12-03,MSFT,251.91431207169194,502.1994341512889,172.6781660564187,204.5332071541535,399189,1.0703185005423883,Tech,9.21497621085092
2024-12-04,AMZN,445.3334598287301,270.07160447239585,386.28330387941753,267.63978916683413,317394,1.6462904345588345,Retail,19.519920746336894
2024-12-05,AAPL,307.6327140544872,440.14516345305276,208.17522182621354,339.7197148025555,610473,2.088217247878937,Finance,22.85968905093231
2024-12-06,AMZN,291.6727510518924,414.6337568351606,412.0429233794072,305.4831420861219,302123,2.103424744039934,Finance,27.916077567347905
2024-12-07,TSLA,110.25682632257427,337.2792253395072,488.90897046192305,215.2738103838118,993941,1.7131178423537774,Finance,22.637416298365597
2024-12-08,GOOGL,236.49913105046255,492.1990931628329,106.86027210511016,102.58574311588421,257699,1.8946055125052013,Retail,21.79448175637165
2024-12-09,AAPL,252.07824751434282,186.19217878900312,449.4595169874181,298.4956887603256,377342,2.931035836469533,Tech,14.858528658766607
2024-12-10,AAPL,259.5291123587602,149.25200517539668,340.93906077146994,214.25039542489725,955953,1.7546969544606232,Tech,5.032110638170035
2024-12-11,TSLA,332.0689476909329,450.85459661694597,479.48613457010435,393.84332028421403,604655,1.516453626519966,Tech,8.003981468390549
2024-12-12,TSLA,313.4410186907514,282.8556757366681,278.6787594229389,109.5785061081934,730759,1.4869340881335202,Finance,18.36386361890098
2024-12-13,MSFT,343.16203711737785,448.0223859538595,429.71823257569264,333.93112452231634,915907,1.9155292254082683,Finance,21.878247146110493
2024-12-14,GOOGL,405.9533046168513,466.70153310414304,119.64565709631951,476.58969500242614,336824,2.519040297433888,Energy,15.436207097411563
2024-12-15,GOOGL,425.1942954864374,130.29532541572394,227.4352247809268,169.76370684459982,612214,1.4119763683769464,Retail,23.266975288209757
2024-12-16,AMZN,387.24923049059777,462.8032290093546,121.47153241172794,288.65979630023816,119403,2.418592254281536,Retail,18.046557383304467
2024-12-17,MSFT,482.2094783819739,286.569217424616,480.26053772423285,136.56879672685528,103681,1.0422996466988326,Finance,6.854404889857806
2024-12-18,MSFT,107.29303307054465,311.72515804671406,417.7046933723755,350.2727649045411,453699,1.837865955967892,Energy,9.800406274198721
2024-12-19,MSFT,178.31119427341844,358.76996699275014,431.7562313921583,320.2126722384902,979554,2.5517301304055735,Tech,25.999955581098572
2024-12-20,MSFT,103.02514999125685,480.18495572568514,465.4962664163882,262.94620968513294,739548,1.6774659115488628,Finance,23.12281866561099
2024-12-21,GOOGL,358.9898856618412,112.74201824405444,128.6158770173152,308.55080858949646,797652,2.1274742028907987,Retail,27.369049675312375
2024-12-22,GOOGL,459.2122195799948,298.1216046687159,247.31104904276668,458.6298633876041,729674,1.4099584656518216,Retail,7.938931228023414
2024-12-23,MSFT,197.39291863051972,383.5274271843771,123.05878117238083,178.5177209244268,857666,2.4839907822523446,Retail,29.755563365376847
2024-12-24,AMZN,470.81381791852266,397.6963178677825,178.26327511226128,109.0258046821389,498845,1.1045582065375192,Tech,10.23516784874834
2024-12-25,AAPL,124.10695611582435,385.47563477252874,185.5994819298806,444.66595387964037,193246,2.7050852897510005,Retail,5.29449690716605
2024-12-26,AAPL,473.77441072220574,159.44622741028934,280.2973483637936,330.8468329551626,195864,1.3963927728433363,Tech,29.935573476338853
2024-12-27,AMZN,240.64907489585377,226.2552132905309,201.0820561441888,456.26338218473694,308886,2.7487960634166617,Tech,12.026847136127827
2024-12-28,MSFT,140.5683313796866,250.27978779389045,134.88635219301563,338.778089365269,370561,1.7050584826010347,Tech,21.700486312813997
2024-12-29,GOOGL,294.34870367453027,430.7970691101995,161.15898019217255,424.06443598388097,481032,2.4453671489489732,Finance,9.41705785440763
2024-12-30,AAPL,202.71062708820318,217.89774832789396,153.1738476030759,271.8693453420592,265837,1.638450595572377,Tech,19.505713304978542
2024-12-31,TSLA,213.94916078476913,190.33551036621728,479.3653351753578,399.9439725153075,960931,2.811823342469295,Energy,27.60087466136398
2025-01-01,TSLA,222.9159859705146,492.76644771042896,394.92054023279707,465.2165867559424,345160,1.2532742510367487,Retail,13.004529185710965
2025-01-02,AMZN,421.21035913306537,108.5896304709549,477.26577878147697,328.84918548888254,287646,1.3570395785451974,Finance,21.75634940110898
2025-01-03,MSFT,315.6645106701018,509.11744655120117,268.69749217062383,172.31406022495182,583761,1.9860602503176046,Retail,9.697589719960412
2025-01-04,AAPL,224.52307966240147,379.1126260372452,204.95555025674935,207.5190460120793,883566,1.1638768780762923,Tech,20.619884967968133
2025-01-05,MSFT,344.13351332436736,440.5300662768924,410.32581289762874,179.4578307589623,914107,1.3919603694035239,Finance,13.411258795437753
2025-01-06,AAPL,386.4602696892774,224.32085552020823,223.87029762625298,198.74281103829315,356681,2.8875327644240287,Energy,10.280206464698793
2025-01-07,AMZN,209.0496002934135,110.79768745515929,213.25643261361256,222.56617974041455,565483,2.952979322295774,Tech,12.82955126759088
2025-01-08,AMZN,265.4196406101406,403.83715501741966,186.83986692209334,322.0535147012754,795923,1.7525186586608439,Retail,9.471026712694984
2025-01-09,TSLA,148.75443733477903,442.8285617852737,146.22319639857295,335.1966517855331,635620,2.846572042027871,Energy,27.54790269594707
2025-01-10,MSFT,172.45973981387212,404.89283344117524,196.30290910162256,270.59989889674443,879105,2.0896493513468632,Tech,14.929672157928222
2025-01-11,TSLA,372.4471415859931,162.85436635683965,235.35130064718564,346.16831192833416,905609,1.539484931747534,Energy,11.131982624359184
2025-01-12,MSFT,172.57533907825078,410.1383085140725,361.2277122175635,132.62997024454637,320326,2.4047974421611973,Tech,16.21019602539832
2025-01-13,TSLA,310.06535346682404,416.4137267535946,119.71311267668338,135.11529482326398,823807,2.3178036131497146,Finance,13.013404170162389
2025-01-14,GOOGL,383.6185046889731,371.70890884637225,178.15024116781046,168.73178414306338,361849,2.9782506382174665,Tech,23.61048134533315
2025-01-15,GOOGL,142.75076923789754,415.2769527822124,414.56433791521215,307.2309992161379,419248,1.5300945748185666,Finance,29.28049779713736
2025-01-16,GOOGL,326.9248878515614,447.59818306948154,153.03415981558945,185.59787147932542,446479,2.3441190053234706,Tech,15.95084141744117
2025-01-17,GOOGL,202.6251134805455,353.50966626617065,230.344832876396,213.31376139703093,477082,1.1040475100588938,Tech,26.52583499930601
2025-01-18,AAPL,485.1707500950319,140.88490915772002,436.54027413396534,260.12513446919763,180730,1.2272920773934388,Retail,19.146576838990487
2025-01-19,GOOGL,293.4182586879699,302.48926291522037,156.19549790165985,424.7464496041519,498167,1.0078367499021865,Energy,8.930891627355837
2025-01-20,AMZN,422.39701991006325,136.44798054200004,127.681050069185,105.54485436514405,337474,2.9989213621193462,Energy,22.26556855203354
2025-01-21,AMZN,320.0906168625047,270.05492756813453,286.39250805660424,359.75152809464896,390477,2.6045473942949555,Energy,17.835862428145504
2025-01-22,AAPL,117.36501314192766,269.8781280958792,214.45570695502187,367.55061241627413,383817,2.573446029467082,Tech,21.265163081302585
2025-01-23,GOOGL,353.2605502376089,131.73398687679784,317.54630397112237,419.46231214265464,665158,2.0194521505763596,Tech,27.242185314291625
2025-01-24,GOOGL,480.56133688266283,246.27231625763912,412.50293174097266,473.1011756241253,353017,1.6001341658108799,Tech,16.01086426640115
2025-01-25,GOOGL,340.64472805853245,149.95423001048252,149.17365282033356,108.05513957971593,751824,1.3025285689253518,Finance,27.529440580433892
2025-01-26,TSLA,427.6755437707161,432.335260053735,324.37613839894254,161.51348220528646,433245,1.5693494776929273,Finance,23.766725357041373
2025-01-27,MSFT,453.68258533936313,488.8136505156107,294.6759603539963,454.4685176223972,909253,1.7519424438582782,Retail,17.21512314694962
2025-01-28,TSLA,191.231908779573,134.28817247946515,151.91112047521383,283.4074248748061,125494,2.512620193960588,Tech,20.080553391449094
2025-01-29,MSFT,184.81793596329067,491.8216589531391,341.47940178394805,325.8362555733854,723765,2.0793235778063046,Energy,13.139528312975287
2025-01-30,GOOGL,344.3923955403967,316.6435227313818,203.08796505500482,365.21088148925895,488227,1.1549672531109654,Energy,29.589932493469355
2025-01-31,GOOGL,264.4113879226819,226.32409957131892,287.6945558248849,371.626641798255,829520,1.0360580179178245,Retail,21.6837790762599
2025-02-01,TSLA,435.94452114668815,136.1291404868462,127.49756808943944,472.69616132660326,474842,1.2046643590681263,Energy,6.0961713124157475
2025-02-02,TSLA,460.0092493592045,307.75282856851925,276.5357025993811,498.7797669646679,473704,1.8209974273947587,Retail,13.165547643700219
2025-02-03,MSFT,241.36855172108724,426.7787955187532,216.05306987691404,388.0629843723761,494051,2.8663858340980366,Tech,20.582860843976437
2025-02-04,AMZN,194.74822358979281,391.37002329301276,419.840578418215,214.88848368206033,380790,2.274804962418443,Energy,6.408331944980995
2025-02-05,MSFT,412.21020609754476,125.34153464290938,117.50659716396046,451.90096091773745,223777,2.60365179975103,Tech,5.597104782978569
2025-02-06,TSLA,209.92241421925445,134.5252433240009,260.3498735927403,119.68836581630464,701648,1.932749189009097,Finance,16.250605988195062
2025-02-07,TSLA,429.0457274054714,268.163679466218,276.080412531918,192.43234114979848,399479,1.7233321663900856,Energy,13.31725449231675
2025-02-08,AAPL,269.49530145950513,224.59265008941702,381.37740013815187,458.95428698548596,955783,1.2168007454332455,Finance,15.957465200829148
2025-02-09,TSLA,367.0199597165882,199.11565083769938,321.8435921606333,202.47660577574197,233501,2.75186604437241,Energy,11.56733274700013
2025-02-10,AAPL,138.21412553386727,218.806822058029,358.5488731917015,188.2604238486994,404094,2.5663200580558057,Tech,9.117943673574523
2025-02-11,AMZN,349.5437298706292,430.4105110352383,401.93446783244366,155.2501172560989,684942,1.3362361951954502,Retail,22.228583924508442
2025-02-12,MSFT,280.70707149489164,481.33736172090084,435.57017459498456,443.6447030587666,469566,2.024521127752521,Tech,17.864277906695012
2025-02-13,MSFT,334.64338527018964,269.06659128366437,218.98082120537583,300.0233036764347,472078,1.9747496158424898,Tech,10.00385528123417
2025-02-14,AAPL,167.20568309794538,471.9749558636613,307.51896861874167,369.9572812216619,219975,2.250183105373057,Tech,12.989735656499958
2025-02-15,MSFT,394.74949797767283,235.2057590053922,426.842690983484,195.62655363001187,823503,2.8923737879825224,Energy,19.795197691583148
2025-02-16,TSLA,445.1188310172914,297.9569794692356,485.8331967311973,403.2161684044866,453330,2.159542883524959,Retail,6.805733706811946
2025-02-17,GOOGL,186.69592003631027,196.5417441154799,446.36012786228645,404.0022179848394,466378,2.080434533557237,Finance,8.68632523165449
2025-02-18,AAPL,138.2858222080647,364.3927970812168,241.72956873662883,225.03920996332005,726614,1.1006458658693279,Tech,6.831140102684753
2025-02-19,MSFT,109.45543441853457,501.4873516457976,172.09077430136693,264.2730532041131,177527,1.1258149520360479,Energy,25.30793331785297
2025-02-20,AAPL,356.7886001773064,349.41470389756836,288.3100522756025,183.87611097208034,448848,1.3746935826535778,Finance,23.81023083030023
2025-02-21,AAPL,342.8376144355123,249.91470406598728,387.9483734752367,490.6244093291617,532601,1.0649415433834966,Tech,23.832823296981427
2025-02-22,GOOGL,318.678965085628,367.366065626164,289.56478294755254,358.24103082336467,266991,2.4867057911400248,Finance,22.9081335869007
2025-02-23,TSLA,192.77883844639018,154.78287477848198,285.8564410088991,473.8175522862062,196952,2.4466606079879263,Tech,21.73463559174673
2025-02-24,AAPL,256.3623983622059,464.90692750748644,426.10101632731124,221.35421745165326,947214,1.2721124688632859,Finance,16.924797884454374
2025-02-25,MSFT,337.7905340744692,308.74900006583374,237.75449273153862,412.7563651987559,433260,2.672157801590562,Finance,21.056954087677873
2025-02-26,AMZN,298.70674354366776,286.98664552605504,434.6188965506,406.3434575538968,565806,1.309572069692224,Retail,5.959038869699366
2025-02-27,AAPL,495.11420808595494,342.27523932367524,255.6878963759308,376.6622607466166,976058,1.6023511739947176,Retail,20.536610566419615
2025-02-28,AAPL,154.57590102269324,358.037464429708,224.65207674294408,486.25559010672015,533603,1.49795379832273,Tech,24.44694263842193
2025-03-01,GOOGL,378.0578216190375,134.06920152173777,274.3260149238811,257.4221344425262,771183,1.7446141971460956,Energy,17.508959009609754
2025-03-02,TSLA,261.72750724171686,381.459974595478,396.16654867657303,152.28692943590292,146015,1.5093275317799237,Retail,13.937833210680923
2025-03-03,AMZN,271.2798459702459,202.9823305277895,144.77080100627774,368.6835436976243,202877,1.9779018528769041,Finance,11.935668370024478
2025-03-04,MSFT,387.03910626327047,394.15081616516886,172.58559026944687,391.7239201908825,377483,1.8148157627093708,Retail,21.07005125405206
2025-03-05,AMZN,376.97446052974783,438.12659172559967,470.82070613692133,330.02422938352584,623165,2.973138981558653,Retail,22.320029965747718
2025-03-06,MSFT,496.50239748087535,430.6031955587707,164.31919281563614,182.7271572533585,758851,1.1118527002564513,Tech,26.774189996563564
2025-03-07,TSLA,151.35771578165009,328.7628918001951,319.2522905827666,301.78237666774214,493922,1.2843627527747032,Retail,13.558352061524769
2025-03-08,MSFT,141.64385975366653,315.6688063858542,323.82921433146544,224.87589462765175,721781,1.105651787817205,Retail,24.24430768463964
2025-03-09,GOOGL,389.73552685149645,162.86476434246174,288.4016625098467,270.9866112666756,771088,2.251682389964752,Finance,19.03389560473345
2025-03-10,GOOGL,331.35476680256363,419.0151909132699,349.67437318784334,358.08743033786556,596753,1.1090185548274392,Retail,27.07091226695198
2025-03-11,GOOGL,209.66426662392234,214.92079908091932,185.7815566900593,398.0858970763338,815768,2.6728794747522464,Finance,18.195302707390518
2025-03-12,GOOGL,131.76774759559464,306.1616462412684,313.3015957718155,192.88987636053724,491670,2.0238772613638556,Retail,17.94074570994918
2025-03-13,AMZN,134.2632998385722,220.13100763564427,242.00843582252438,262.13014425878134,531739,2.0540152491630677,Retail,19.44692703602273
2025-03-14,TSLA,457.6763498656473,159.2004870148757,356.35856755352967,207.66462839665166,745936,2.1231890154243884,Energy,23.73288387856086
2025-03-15,MSFT,176.74692988749717,359.9708672411533,150.78329963239403,179.45264554474764,387307,1.3416274126124215,Retail,29.117261970711525
2025-03-16,MSFT,229.3486248462083,127.00447410327605,320.49657965159315,413.35488799833536,773078,1.395380606228975,Finance,6.839083855394142
2025-03-17,GOOGL,190.6625608907952,408.201319821111,168.18179037641286,463.70107777479694,711796,1.6376346457460094,Finance,6.335865059775429
2025-03-18,GOOGL,241.9985223327749,233.62265208075226,205.06400993043937,248.0928742738307,839127,2.186992831643703,Tech,28.438758435183463
2025-03-19,AAPL,127.76953709843735,105.05455066681655,181.39037112781537,400.51156974950675,401763,1.420235551880429,Tech,18.246890637955154
2025-03-20,TSLA,307.6239163633081,312.00730139107804,167.22092304818275,458.79811574576445,374270,1.2326634542665225,Energy,20.3725753641734
2025-03-21,AMZN,127.04502543688596,123.97502295367926,421.15582586646343,438.4496842120926,689214,2.9402337728368644,Finance,17.060590039868224
2025-03-22,MSFT,420.14260312894464,216.8486709174643,207.85448922605167,173.12535541569036,140633,1.0439636296192458,Finance,7.341436315186862
2025-03-23,AAPL,193.4848327641732,391.32547741956506,461.2138938364575,482.51675260534455,308726,2.6053948106720433,Finance,24.202234460466663
2025-03-24,AAPL,316.0047658418042,130.38929675685569,478.1209775113504,250.670576171785,103317,2.576070299150044,Energy,23.680616127214673
2025-03-25,MSFT,452.0316350245833,444.93208940418094,320.64788562515344,235.69626446953453,407124,1.594428227690192,Finance,12.7925830373203
2025-03-26,AMZN,360.3509476188777,106.54706867672616,151.48544345296193,124.97253091111213,930547,1.2712532320146268,Tech,12.65598113071001
2025-03-27,AAPL,313.1831146205341,204.9636670267704,242.9465561349346,294.4694616419532,817006,1.2912572934108468,Energy,25.946034522637962
2025-03-28,AAPL,229.73350124615024,405.0661427415889,410.10424402254455,143.60544625637147,929590,2.3948632344743848,Tech,6.808931443533165
2025-03-29,TSLA,233.20076522327918,233.08941064036924,240.11933783534283,199.4159283709704,811323,2.285613182172347,Tech,27.027628708914147
2025-03-30,AMZN,367.79478207927605,146.2664171667355,129.37180122960154,226.77704870691255,540847,2.5654913485027735,Energy,11.41654224739786
2025-03-31,AAPL,497.655744488467,250.8947371141733,314.93003981663423,423.5305293966736,804676,2.8749623447982096,Retail,19.82461869388735
2025-04-01,AMZN,364.73567593975145,214.50928098573286,428.8227363409337,450.1954601583586,467508,2.383854726533184,Retail,28.399854475044442
2025-04-02,MSFT,323.11336694800997,446.29832037502473,409.39092292168345,220.98652698458787,552558,1.311703073102887,Tech,21.953062538416162
2025-04-03,GOOGL,392.26020409569844,231.90590662198298,164.17364035148952,443.47924849782953,377648,1.4868852335308214,Retail,15.360745311675915
2025-04-04,AAPL,286.0822449134873,424.5176510692829,360.74202269292437,442.89237494791644,823953,2.684387461746229,Finance,22.23835522263538
2025-04-05,TSLA,124.05693704031408,466.20821864834755,182.0991840570806,405.8603801539494,519876,1.4186121516684171,Energy,13.599490907909255
2025-04-06,MSFT,324.9187263511639,280.69605492849445,181.19197614810804,158.6780456060726,923628,1.1450446339089628,Tech,11.931460408729652
2025-04-07,AMZN,483.05011380215205,473.5269732610288,440.2583504555481,376.1291387602916,952370,2.406560108084501,Finance,29.91708194836699
2025-04-08,MSFT,170.12117694306386,257.8138118550931,193.61923633239093,478.0096258322275,419532,1.805052710980284,Retail,23.769755779494695
2025-04-09,AAPL,376.0019563282663,495.45175867849383,198.9827018746144,373.0161915068628,312369,2.840080105091807,Finance,21.117999434545442
2025-04-10,AMZN,180.37347546362258,141.16225743285702,95.25808935071332,232.64673964313357,679789,2.3005101421873233,Retail,13.88224108048297
2025-04-11,GOOGL,314.3310737892325,383.2428029338133,438.91426847957945,300.2317269723325,808669,1.1808379555833215,Tech,6.229020728876204
2025-04-12,MSFT,138.67057985868786,304.99468638505607,408.0749512176082,358.29001734042146,127043,2.8957131345073215,Finance,5.776421900878891
2025-04-13,AAPL,280.14837450327406,261.9977662095371,342.79492936081783,304.22816349140146,133635,1.5171145272804918,Energy,18.85453138621997
2025-04-14,TSLA,402.46533155809846,361.2483108931834,391.3549767558427,147.98117669238792,310387,1.6744249808125715,Tech,24.050818025976277
2025-04-15,AMZN,239.02860969559282,390.06212211190416,155.05918413267426,224.82561786080825,180691,1.804520827367084,Finance,18.434479761096377
2025-04-16,MSFT,365.9646897948872,106.76712420837518,276.0378198620923,420.958412221453,599730,1.1024485928086265,Finance,26.019626798477866
2025-04-17,MSFT,418.17998431589166,172.61600094261547,233.73165800276846,444.56721843820696,919564,1.9930308444612097,Retail,5.835663327330541
2025-04-18,GOOGL,470.8711277917811,393.78365050689905,132.04172787152152,154.9200130862281,901798,1.2466369821505845,Tech,14.168801910648503
2025-04-19,GOOGL,193.8568327421814,374.8860924991736,287.021541659895,480.95470095948986,193944,1.8019406533767035,Tech,10.926759779354452
2025-04-20,TSLA,259.72636632372325,496.2492395771143,458.69216188534097,231.52904713944372,827467,1.7014195759841686,Tech,16.181824203928052
2025-04-21,TSLA,160.96640533216697,413.2203050515671,110.82335202502432,364.925495492288,555796,2.545680166853007,Tech,6.809409829853061
2025-04-22,AAPL,496.9934008633501,490.0629466311919,210.12706083004858,400.73005838267244,615578,2.606341023265462,Retail,28.853291039276815
2025-04-23,AAPL,470.80038716971814,389.52890312159684,176.97866980125286,424.7784938551534,139236,1.306825764778176,Energy,10.581385026734022
2025-04-24,TSLA,315.98285211222384,225.71114449897448,189.06792819795004,478.29988089037204,366294,1.7331023747584524,Tech,28.05769438708962
2025-04-25,TSLA,436.8133177505685,147.67279351159686,453.8316479923532,225.16781921152904,473513,1.7467063220636634,Retail,15.647328875917045
2025-04-26,AMZN,308.3831909088169,421.6386646546989,279.8872764225446,443.4025818206218,905855,1.30282088787217,Energy,29.63810333138045
2025-04-27,GOOGL,349.4342752011039,365.88043469774595,279.18826811122847,152.6747613744828,628425,2.596907010102381,Energy,18.85145958650527
2025-04-28,AAPL,135.64977284640665,124.51533501928498,395.42737876983654,382.0163625414371,654280,2.4144566566708465,Retail,28.270821604395188
2025-04-29,GOOGL,402.10816819872315,250.82043868989624,156.0244205819457,396.79109180559436,996972,1.3807635725940695,Tech,5.133724717355571
2025-04-30,GOOGL,151.08539345409395,492.50392527113587,287.46981486952006,371.08929648052816,215140,1.733443817187598,Energy,23.705970154522504
2025-05-01,TSLA,430.4270521010113,307.6624640126315,264.8441595778186,200.9258944540612,275993,1.2116100497130284,Tech,27.576266327562884
2025-05-02,AMZN,412.81123506815436,280.25530008798034,330.77972276592914,449.21725880608136,745513,2.256413194186088,Tech,8.493014174473853
2025-05-03,MSFT,383.49787909719055,290.36834008951405,489.82529278392326,167.54338534815798,572585,1.2427438490972393,Finance,7.403146293303787
2025-05-04,AMZN,114.46415220990485,189.5975032220913,398.9323131624086,121.45391660833234,953349,2.971868337249836,Tech,15.614315179648889
2025-05-05,AMZN,221.25134237813143,254.32640420024205,252.15695269188373,386.98599624476486,435834,2.5613641493757244,Finance,28.341972653323378
2025-05-06,GOOGL,205.24502796433714,254.77436867480654,421.88345564824857,290.1902860930935,396379,1.7804770991679901,Energy,18.55966400476097
2025-05-07,AMZN,244.05456298860764,126.20378317592632,162.42980350842967,439.63920798347044,310047,2.157127864558709,Retail,18.186411593043303
2025-05-08,AAPL,135.05709870553542,415.8648895497569,107.03315609203925,253.3588564233036,643410,2.8226836324328177,Finance,8.528152957483046
2025-05-09,GOOGL,474.78312921242514,273.684294921071,175.75710712338787,167.3114354030851,386100,2.108198560791652,Retail,5.019737777330469
2025-05-10,AAPL,321.5208962849505,437.9828541606514,229.46256466513256,434.5768769879479,163879,1.3489969727959104,Energy,25.25350226863653
2025-05-11,MSFT,222.2097242632094,449.3909404535576,296.67939919652616,319.56385265602864,682848,1.7574067111623186,Tech,7.1893640746559555
2025-05-12,GOOGL,258.79260682971335,190.8575921529565,337.97601051377393,175.67831695614194,472454,2.6862897300594906,Energy,20.8462454683831
2025-05-13,MSFT,278.88101620193424,371.22816027890207,454.6892582996966,388.1535994345783,824045,2.2884260319792356,Retail,27.865411362879787
2025-05-14,GOOGL,340.2377333442469,296.2741306860076,296.3923337724308,304.4454553958002,337268,2.3014487686676004,Energy,10.216297828960776
2025-05-15,TSLA,306.2717710785991,461.4634788582015,293.0038796271631,341.72519289612796,579280,2.7336429713769785,Tech,21.63182090592277
2025-05-16,AMZN,467.75678928576696,192.37497506646392,114.84598888007794,284.35933528263274,607656,2.7879461149250093,Energy,6.9674644176877365
2025-05-17,TSLA,298.78539316233207,379.5143461255679,108.79006329920841,431.4835935272026,887600,2.839585143558873,Tech,20.093878595940325
2025-05-18,MSFT,496.8632059293251,351.13960951235265,312.708184956967,431.82508627321994,407268,1.1896983865063122,Finance,9.098293023830069
2025-05-19,AMZN,440.5699830980383,224.59709841659227,268.0805522330961,383.7555287297545,791257,2.088252003926202,Retail,23.39883901287945
2025-05-20,GOOGL,183.40420574293432,160.3233659787249,426.47625601721796,142.1605509585849,770392,2.481019042436637,Tech,12.530782369847705
2025-05-21,AMZN,472.2380858575665,368.91410299329704,158.46843596117884,435.54154476162756,414941,2.5138536902540274,Tech,16.584775220116157
2025-05-22,AAPL,146.54655915419045,404.1319705435939,104.86380653623459,368.4051922131639,921726,2.2134324039400077,Energy,19.985763550690542
2025-05-23,AMZN,426.9798833964766,232.82907422415676,272.37031333239975,378.8096664017198,537043,1.3335746703673483,Finance,9.281835266655989
2025-05-24,AAPL,252.24931739063203,366.1572046290371,188.8040299171417,245.19313616154867,889948,2.5948411078833287,Tech,23.540945465440522
2025-05-25,AMZN,451.1897281780278,265.02801758265883,114.5976774688408,451.7118224628027,250823,2.440222667029891,Finance,12.566008515920364
2025-05-26,AAPL,447.22267604298014,393.8487877294602,381.21632330481344,390.148640093943,654661,1.1722715430980726,Finance,21.55929649781884
2025-05-27,MSFT,422.37016004704844,185.6821863320915,139.07923498311277,145.03618661167778,222026,1.9276196493487525,Energy,8.957076267484341
2025-05-28,TSLA,416.0121745228246,465.5370760676506,335.28620250306983,263.11121376246507,130270,1.3479547990436072,Tech,22.202941480158756
2025-05-29,GOOGL,221.87165563921633,221.40088656855977,206.0146513159212,454.5521447840567,332931,1.6749540914259438,Energy,8.204701820261544
2025-05-30,AMZN,132.3677132205009,253.95332504124192,163.5309398902337,118.8786806789516,820177,1.0361621844113709,Retail,15.633912406749591
2025-05-31,TSLA,261.1920715060646,128.52724059254166,245.0018515531304,484.5666478568198,165184,1.8006597368215165,Retail,11.18015184347192
2025-06-01,GOOGL,169.40980599460346,150.16244599011694,411.5710816080667,371.6650273278251,607532,2.099753842312421,Tech,23.709381235704566
2025-06-02,GOOGL,377.9804355609847,313.9240705984929,249.87696287730623,352.5503910573507,835053,2.2391651856541737,Finance,11.550875112671864
2025-06-03,AAPL,238.43989061511422,213.37503407482845,391.554011438367,208.22370259519656,662167,2.32698069025742,Tech,27.042932659884904
2025-06-04,MSFT,490.24408034396595,443.3694914255887,144.56708723566453,199.51671549567084,411741,2.67258262620492,Tech,27.29550528516532
2025-06-05,MSFT,356.3888309381328,110.9508224052563,400.24471076770624,476.8232877954382,103626,1.43092581455146,Retail,9.911032880569646
2025-06-06,TSLA,428.99222545374437,258.53308971213414,188.5886633381262,219.30898169364912,710224,1.240963644876936,Retail,20.34614862519311
2025-06-07,MSFT,153.00986909673938,241.62494644148254,362.5702863061048,410.20211868759975,595395,2.7030743437958513,Finance,7.192941042999108
2025-06-08,AMZN,444.80579290904905,112.82769052162843,318.48371416219356,257.24871928283164,859161,1.3132256297852998,Finance,14.78842749004073
2025-06-09,MSFT,469.10287620535775,155.36920159520665,462.0121632986165,155.7016283138816,705803,2.949520162672391,Tech,22.833043237531808
2025-06-10,TSLA,294.82476752757435,272.52528334204726,247.99239460024904,104.28611907814359,308137,2.685076458797274,Energy,21.485581171247908
2025-06-11,MSFT,342.501175100391,304.6101567012159,121.13524958960397,317.7029348061003,679678,2.0017532117791985,Tech,20.617516735165196
2025-06-12,AMZN,405.92392036119816,268.737347638222,102.5664167927449,490.31152741957305,847320,2.9628428498440504,Finance,12.06352159156109
2025-06-13,AAPL,169.935450904165,320.029759756898,421.6091315842375,247.6544775236818,678432,1.1947534582160084,Energy,14.45062373586005
2025-06-14,TSLA,301.02643058537694,346.028328336801,302.2705768762657,242.87693359721794,244454,1.6061315223502033,Retail,7.573653617507155
2025-06-15,AAPL,259.46521110892525,109.01914755677343,401.22140047480497,237.63664713977684,628313,2.2764488300812227,Finance,22.975570510840026
2025-06-16,AAPL,158.54959686489963,292.95853957866905,187.59811200454828,308.2175349219434,536442,1.7000137369463575,Finance,17.597219919781836
2025-06-17,AAPL,247.01376891661258,495.2171925594733,231.30807947772732,276.2659533697174,441524,2.8567451039615834,Energy,22.719140808641363
2025-06-18,GOOGL,127.26892375419743,315.20807345246726,106.89102952347098,451.9658506908058,354043,1.1312521763556351,Finance,11.22358811992182
2025-06-19,GOOGL,110.3247627797948,379.40461832087607,474.7894682067743,302.20831668939616,743198,2.0988236641219293,Finance,13.110955715876656
2025-06-20,AAPL,154.0665156619291,231.3048624563377,358.8078231468213,303.1031352754275,562927,2.181732534790229,Finance,13.355383431502867
2025-06-21,TSLA,485.24604463566953,418.4665081518688,463.61600966492597,155.34863788822264,720343,2.3054562475544484,Finance,5.643560243680405
2025-06-22,AMZN,319.8118143580068,418.0332001598266,199.8710809344836,493.09581636415436,488333,1.5113324466636289,Finance,13.52619682076559
2025-06-23,AMZN,486.328864461288,316.12489929992626,336.528126434136,199.9891563475319,830070,1.729132855039729,Finance,25.082614337950837
2025-06-24,MSFT,272.9991513320528,500.2855984280815,363.0074874755919,129.34562698384107,907827,2.6873610593299553,Finance,27.432462393743464
2025-06-25,TSLA,224.72645323410381,155.84783697887462,220.43213160174741,365.25849959008355,897157,1.3898855379403197,Finance,17.955457890898188
2025-06-26,GOOGL,302.45674513609765,111.8638042802803,430.00314783117386,338.14654806274905,657749,2.6537356943467243,Retail,16.387542380480504
2025-06-27,AAPL,275.804675453164,416.91407576162385,469.1287778455979,266.0582615970983,358072,2.125310845805485,Finance,5.770615467484256
2025-06-28,MSFT,142.26587370469758,431.89799263277746,444.5177714899217,268.8768935522712,665403,2.5243750223881642,Retail,26.980108439634567
2025-06-29,AMZN,356.3305258760825,153.6839277938334,386.93145549605214,414.02556841857245,210084,2.4272147325269433,Retail,5.325255335646818
2025-06-30,GOOGL,186.41527300383984,212.56104734823546,204.59854849135684,178.28505603985963,445876,1.415022990769758,Tech,28.618752005255296
2025-07-01,GOOGL,347.83518195913183,112.10870716348471,206.23833663172454,428.1013275779559,573006,2.1376254728677457,Tech,17.230406217202265
2025-07-02,AAPL,360.08043695926136,223.78998736612868,475.527326576185,359.49884555800725,441701,2.7354463056101848,Retail,13.548362339368165
2025-07-03,AMZN,160.80994125145924,418.12245893706194,99.06237589459835,267.58790951180976,957692,1.8642324736038587,Retail,28.1054608710665
2025-07-04,TSLA,124.53985084426726,314.77401372359446,377.83973943064706,283.21144663354744,784050,2.9331815404466335,Finance,5.609774827752418
2025-07-05,GOOGL,412.3046344273759,245.97871523315666,373.9672342093286,202.65888287443832,887839,1.9044302002034361,Tech,19.53562237172718
2025-07-06,AAPL,283.9201695077281,255.55441443706377,340.96236867516996,400.8457330787899,173568,1.2855712733357694,Energy,18.72331311248344
2025-07-07,TSLA,123.26551820219032,105.5482184147646,486.092994204312,305.14989692210713,158560,1.7788693601553465,Tech,10.483010030284552
2025-07-08,AMZN,497.94652686790687,226.41921366392054,218.1923771266715,228.34181709993743,248866,2.9034048127810745,Retail,15.722185783755265
2025-07-09,GOOGL,123.11222439854666,366.8157903633618,229.28888619833302,338.4200463043801,250953,1.6394416986797085,Retail,21.306600148594256
2025-07-10,TSLA,378.0140915434213,499.5487497456246,126.18106416388945,498.2937808205292,841652,2.736196319734126,Finance,23.178279922048187
2025-07-11,TSLA,493.47157010536546,448.0596349284793,269.90526393477626,274.1049118626215,861058,2.7625013633637794,Finance,5.017921467664495
2025-07-12,TSLA,195.67204168637025,114.5559606814393,198.114167862765,468.27656031144784,326024,1.7003730486639221,Tech,28.421335752275382
2025-07-13,GOOGL,156.89974747487847,468.91704489330994,230.63774736016947,238.00673596982645,280775,1.1665153161012642,Finance,9.11313430982031
2025-07-14,GOOGL,148.55397576897155,422.1953573859435,424.6558571509729,121.89308276999435,191288,2.4491158183176367,Energy,10.83951085555898
2025-07-15,MSFT,221.31005902703822,421.05233004624705,464.5163828433608,181.69684254737155,571678,1.623024598027972,Energy,11.586836142346206
2025-07-16,AMZN,140.41832440425867,290.48828239644644,168.36456344204834,267.47805733107367,481164,2.565847228515145,Finance,5.945503413800883
2025-07-17,AAPL,376.8645366776528,266.19214364657364,242.14102796361902,187.85397143782762,985733,1.8853096965208662,Energy,8.076303089758124
2025-07-18,TSLA,124.91671925202508,227.680870177443,461.80907203558064,100.09081528730222,874124,1.9705334846852431,Energy,29.658748073604052
2025-07-19,MSFT,303.7688512599159,131.60641787651815,119.41434197224294,466.0006150990109,114390,2.5558188134970736,Tech,12.880418434432151
2025-07-20,AAPL,498.67874154119073,197.43532221494814,131.48240860399451,437.5517644923716,597619,1.7647266621232558,Energy,7.882527258476234
2025-07-21,MSFT,425.58810780240754,204.87447216609996,159.3024407364606,396.91689259477886,318547,1.886254690645829,Retail,7.674781529365583
2025-07-22,GOOGL,346.08777529240433,301.05121323263165,330.1090694801155,167.12583825841145,651595,1.7523809375392443,Retail,22.986499191749296
2025-07-23,TSLA,222.50144831464468,407.71498467166106,154.436547047369,148.14543048399443,327436,1.73468103055456,Tech,26.36421660081602
2025-07-24,AAPL,349.55833451665535,296.8929805011684,477.39017067303973,127.04189978895326,325121,2.0518931538029186,Finance,11.423807487711747
2025-07-25,AAPL,310.8165855646606,128.42700202610004,271.45223826711555,389.6116755091685,351063,2.617598889002301,Tech,5.5227378083808745
2025-07-26,AAPL,270.43335355614863,492.9048694002226,293.0995943383157,471.5231842751541,124502,1.7235366238451317,Finance,10.577250461133895
2025-07-27,AAPL,152.2841506960798,486.80334923311545,192.43015324313558,272.2143283652148,646774,2.048509441075473,Finance,6.412892269918933
2025-07-28,AAPL,454.6416860961867,423.0017649751054,281.0292997117198,147.65626879841926,473957,2.3414546508852014,Finance,7.584873415751038
2025-07-29,MSFT,279.913859528529,506.4878001335093,356.4558848916196,304.95712829284264,793618,1.53887889260731,Finance,15.78770299619106
2025-07-30,TSLA,177.84900472830603,325.51534478410645,391.7149690968469,239.53276298345205,813076,1.5550456098047851,Finance,10.747959271540815
2025-07-31,GOOGL,247.10374035091584,494.92118185254844,392.77789267041567,249.92996973999908,328300,2.8668262540469094,Tech,17.898646963135583
2025-08-01,GOOGL,265.65190101157077,135.62004144978405,323.2669895141649,348.5322496622829,203920,2.4470691466621775,Finance,11.33734383142976
2025-08-02,GOOGL,431.0151582267497,253.10070304585537,452.2221111225736,387.48724530488096,836854,2.1543733524466178,Energy,28.51343252757369
2025-08-03,GOOGL,393.4457522245608,196.27941354274014,417.87609968591323,144.24143954926433,444912,2.295440108841224,Energy,27.648599198156614
2025-08-04,MSFT,407.7219574565359,184.31239907437936,394.03400530595707,114.23609232259055,687073,1.0585988862068367,Finance,19.17015262526165
2025-08-05,AMZN,104.41250577145888,162.02519430153382,116.96418106378195,497.73212107428594,700338,2.2362059311233935,Energy,13.860599799684653
2025-08-06,TSLA,266.4615992719046,357.07752483422865,97.71679507676149,193.09133956622074,647026,2.019017746448404,Retail,14.528672050868389
2025-08-07,AAPL,292.53766065412947,421.43535157765854,178.91667449221183,121.53220996338362,174231,2.0914993595588713,Tech,15.296307078612424
2025-08-08,AMZN,107.67691072922267,339.21085176524605,357.09181959581366,175.950131638368,173606,1.7188476536616342,Tech,23.1894830533736
2025-08-09,GOOGL,203.9252834980137,164.51989738322493,257.4230081086056,115.58313853938569,586517,1.1629477954258838,Finance,16.290974887970947
2025-08-10,AMZN,404.115929248854,433.5051268230557,253.95047242322812,256.72435784686866,403806,1.3866784672241044,Finance,26.418248662647436
2025-08-11,TSLA,154.8438822915996,362.56165640131,444.41182085069744,420.9607137805297,480457,2.9014894264253437,Retail,28.602369648259113
2025-08-12,AAPL,314.12405258103666,262.2071109814332,448.7473250120763,236.49777990308826,327369,1.817399124541868,Finance,13.398653834473347
2025-08-13,AAPL,186.080748806895,378.0227696921055,454.12422930116634,277.67336275134664,901555,1.9333663116617283,Energy,19.017362034392
2025-08-14,TSLA,104.84830985755731,210.26151659334732,218.98184022343577,370.23470942697554,593896,1.105419579706878,Retail,7.376413420814111
2025-08-15,TSLA,196.4805830398166,244.80284444015527,367.9670460320084,303.5576280279521,256688,1.0751324590879612,Energy,10.011726194158975
2025-08-16,GOOGL,490.3495019640215,476.58176646845607,202.295106603376,444.5782744085297,595898,2.4343628940935154,Tech,15.336644167754002
2025-08-17,AAPL,420.6148447531958,222.65432479692527,170.29088406440766,446.4142700183026,373326,2.0761893282422226,Energy,10.155067897544471
2025-08-18,AMZN,483.83065772841337,295.3452486039643,167.92982065221082,103.96427819646146,976801,2.0174119684325333,Tech,26.91401226971794
2025-08-19,MSFT,295.141617570545,465.5071606453859,230.13251024111963,411.21852259327966,555229,1.4862490608453374,Energy,8.957156401477452
2025-08-20,MSFT,143.8944794710014,391.6271468583486,264.8332598130296,284.29344009666954,262403,2.4895014632598444,Tech,16.3915205388273
2025-08-21,TSLA,319.1837955894772,130.1923065967046,423.224922566752,495.53621652146524,801458,1.3364731582169838,Finance,20.14248101149689
2025-08-22,GOOGL,281.7509338239844,164.65773293298298,142.35698192172129,293.2928303501741,126128,1.37986948732204,Energy,22.29659770402111
2025-08-23,MSFT,437.7428330958464,108.17584426262631,385.2957097209832,494.758378155319,131556,1.921424342696551,Tech,14.576734243162669
2025-08-24,AAPL,139.23303231369783,360.52332504281117,304.9246911047756,401.82774448229463,358470,1.5725597242238818,Energy,26.727476718118215
2025-08-25,TSLA,295.29645480871125,286.3077372912194,208.73841035701702,199.44195384532253,777236,1.4949259624662927,Retail,19.20797877694814
2025-08-26,AMZN,160.0194658775937,159.3813146154216,289.6637358904657,315.3579917147831,240021,2.2904752891066633,Finance,15.987694511188796
2025-08-27,TSLA,229.870370756024,492.96331902799204,213.47711756192393,496.8542557914331,676250,2.301943490437089,Tech,6.6810158513009155
2025-08-28,AMZN,394.94283095511986,319.51218819797606,330.45237231913086,443.01224310076947,714342,2.6490341395998582,Retail,16.617236711129124
2025-08-29,TSLA,290.4072517475066,202.96678411572012,266.36834952782147,138.94675751648845,617200,1.8354171339459517,Energy,25.518396020393258
2025-08-30,TSLA,250.35531405830773,307.7444463176565,159.94018398615708,382.5487987239984,302278,1.1461701820523005,Retail,20.363525455532887
2025-08-31,TSLA,257.79051142801416,380.24623475771864,141.0503144495002,238.2318343483252,648387,1.5473327698429153,Energy,25.804061343227957
2025-09-01,AMZN,283.77870736239464,135.87688327929362,310.94479441849137,102.79290475213925,335943,2.960010926393634,Finance,17.350291764982643
2025-09-02,AMZN,414.00661753482274,216.25504509439625,451.4531481480109,261.3923876107998,283683,2.192517150465404,Retail,7.961542627362046
2025-09-03,TSLA,456.83387557609376,431.8210238080174,230.8632861902858,193.9017686899885,794245,2.4194741696020405,Finance,5.3409961458970265
2025-09-04,MSFT,482.13387460157134,291.1642725130778,384.53504235293616,427.5477082081886,415288,1.014715659250829,Tech,12.58048866796478
2025-09-05,GOOGL,414.761354502118,326.3637425230794,355.17123520120794,234.93224353830618,296292,2.0364114643650417,Energy,22.44976178744481
2025-09-06,GOOGL,226.1627582992051,280.290480894835,462.964191152245,431.0094775815268,632125,1.0750573150636062,Energy,24.756497598542346
2025-09-07,GOOGL,375.25388243461686,122.77947677041708,419.28750183316066,100.23917553391813,280427,2.138460424182896,Finance,12.393820865508236
2025-09-08,AMZN,275.0412496221568,172.12866082716315,318.80907726765787,223.12766001044764,278371,2.8415416992721507,Finance,17.39134802208118
2025-09-09,AMZN,201.86824881842045,285.4443636904658,354.5270468024724,196.46608572310478,872291,2.9368382610008155,Tech,15.527972610852041
2025-09-10,MSFT,436.348631770369,189.72011349021076,449.86265430069375,193.4269444274444,468946,2.0811053507778485,Retail,15.263069608785697
2025-09-11,GOOGL,115.37053958493,125.2415066071699,252.80991991183924,127.27464790618508,726701,1.916409610504432,Energy,10.783717830003763
2025-09-12,GOOGL,460.7047968541694,446.6781139409886,224.08390881382206,174.8497081642007,151012,2.890034188496988,Energy,8.40927762573646
2025-09-13,TSLA,284.5909858498936,502.3829743114669,99.27037803590255,322.219827954248,230193,2.34721966399339,Tech,9.917213955780328
2025-09-14,AMZN,354.88059072331214,426.22286396867946,421.4876743056284,216.5444291350978,318168,1.129798559076819,Tech,6.383309679083652
2025-09-15,GOOGL,363.74156888231306,450.7828932903901,411.3873766593291,266.95791293165917,248178,1.9314511553349951,Finance,9.953268545589426
2025-09-16,MSFT,458.0470962826146,203.0007377784034,136.25953464955978,250.7467521388754,158123,1.4804900369286078,Finance,5.230022440634486
2025-09-17,MSFT,354.66787286688293,494.0539250828459,322.8586655474166,450.3619699999578,211825,1.9396086428973631,Retail,20.681460015899457
2025-09-18,GOOGL,345.5734339040247,184.7549103036385,278.27277077592055,462.1195996042062,633008,1.9109311440127235,Tech,12.909385184692072
2025-09-19,AMZN,126.66081622427598,490.3290731965421,141.89009272609903,297.182788662344,268733,2.164289605629484,Retail,29.328617785672716
2025-09-20,MSFT,307.3632087780816,507.9018140562102,482.3244496889858,232.06238012624175,870391,1.7135409806985025,Tech,9.842926269407446
2025-09-21,TSLA,160.06760032681666,393.24773632714977,179.8048755480254,142.72028160094544,324970,1.3285408989118561,Energy,13.645714257739847
2025-09-22,MSFT,394.97350748859424,502.36321137568785,121.55750113577164,481.361151752838,324866,2.0074388691799125,Tech,13.94602896603833
2025-09-23,AAPL,304.8887683250698,335.66361072467697,329.9647149032543,124.09077796011898,250862,2.660405768691524,Tech,5.211287401561513
2025-09-24,AAPL,372.0911116833413,210.11442218631657,386.8523374675479,219.0601110273122,682943,2.3280244561352044,Energy,25.980198825986474
2025-09-25,AMZN,116.66916024095372,281.98333369457646,107.81516118863885,219.22648046800165,815003,1.6767357318504317,Tech,5.799861503608118
2025-09-26,GOOGL,133.9168064183213,345.3921788284083,355.19346729717375,228.16051445608596,717736,2.8710460455177147,Retail,28.504495868231036
2023-01-01,AMZN,472.847312993445,395.11097216538633,123.86721700067092,312.9167503805818,428910,2.5635596518574526,Retail,13.505574861281426
2023-01-02,TSLA,326.05327343568354,134.19415607946272,340.8255895238122,141.30600355001937,969485,1.968346064326815,Finance,26.398129739782444
2023-01-03,GOOGL,378.6603295507569,133.85897474492972,482.56524552110636,169.00955077854482,255063,2.5880289005319255,Energy,15.866953707911756
2023-01-04,TSLA,468.9997524709183,109.90393247012942,170.09252166457242,327.1897189264322,887733,2.152977806279732,Tech,9.82099022355614
2023-01-05,TSLA,382.89545372535946,492.38306631128944,408.07507093391143,218.54304540531535,783970,1.6841388693151107,Tech,9.777640567278624
2023-01-06,MSFT,,,453.62002354294964,475.3262914605264,705751,2.619957487366945,Energy,24.21910451802901
2023-01-07,GOOGL,,,467.7621291639872,427.49609179362034,790038,1.4765793411061832,Tech,11.639689957683999
2023-01-08,GOOGL,,,474.25356374015166,493.4268826054652,386610,1.448765959599591,Tech,24.180834853980574
2023-01-09,GOOGL,,,300.9765572949814,203.8683355801656,573656,2.0090058481096715,Energy,10.147182769164985
2023-01-10,TSLA,,,481.03662365664394,487.8894531191908,126081,1.5216984919241778,Tech,13.042159217532735
2023-01-11,AMZN,,,394.13753181810335,272.49354791662313,124354,1.0181740699024326,Retail,16.637174310992485
2023-01-12,GOOGL,,,158.86021731359995,239.00751812550186,717585,2.296595054597603,Finance,28.579896242336268
2023-01-13,TSLA,,,283.37554205484815,120.1398107877413,904732,2.022187642944796,Energy,28.293285618845616
2023-01-14,MSFT,,,378.7408142719416,121.10610314384104,164384,1.8910356289863224,Finance,10.171796885557196
2023-01-15,AMZN,,,192.69942474853792,376.8045023786619,981459,2.9339370292366307,Tech,13.95547603107682
2023-01-16,MSFT,435.55923457837366,414.57092819980306,348.04299750181053,283.17159777361115,745972,2.1423983679258276,Tech,8.734984711344307
2023-01-17,AMZN,149.86507248130675,212.34380347162664,358.3071892234146,190.60865041444228,947324,2.7268631555787692,Retail,17.749626982837427
2023-01-18,TSLA,468.33675304694896,113.48270921751968,159.26639880438353,345.5881225300931,135525,1.2789004724103203,Energy,16.514563767366667
2023-01-19,AAPL,447.9585448248513,138.27952532795308,318.2086984188387,201.14324730004446,106464,2.138412926258855,Tech,27.519004061268312
2023-01-20,AMZN,307.53522285042885,496.98331411223734,399.79262983655,331.05270173776904,640850,2.7359592534618056,Energy,28.250134444776815
